variant	held_out_date	truth_role	minimum_instance_coverage	minimum_candidate_labeled_coverage	minimum_same_role_purity	truth_instances	role_qualified_proposal_recall
original	2023-05-25	crop	0.25	0.25	0.5	821	0.5651644336175395
original	2023-05-25	weed	0.25	0.25	0.5	1695	0.019469026548672566
original	2023-05-25	crop	0.25	0.25	0.75	821	0.5639464068209501
original	2023-05-25	weed	0.25	0.25	0.75	1695	0.019469026548672566
original	2023-05-25	crop	0.25	0.25	0.9	821	0.5602923264311814
original	2023-05-25	weed	0.25	0.25	0.9	1695	0.019469026548672566
original	2023-05-25	crop	0.25	0.5	0.5	821	0.510353227771011
original	2023-05-25	weed	0.25	0.5	0.5	1695	0.013569321533923304
original	2023-05-25	crop	0.25	0.5	0.75	821	0.5091352009744214
original	2023-05-25	weed	0.25	0.5	0.75	1695	0.013569321533923304
original	2023-05-25	crop	0.25	0.5	0.9	821	0.5066991473812423
original	2023-05-25	weed	0.25	0.5	0.9	1695	0.013569321533923304
original	2023-05-25	crop	0.25	0.75	0.5	821	0.24238733252131547
original	2023-05-25	weed	0.25	0.75	0.5	1695	0.0035398230088495575
original	2023-05-25	crop	0.25	0.75	0.75	821	0.24238733252131547
original	2023-05-25	weed	0.25	0.75	0.75	1695	0.0035398230088495575
original	2023-05-25	crop	0.25	0.75	0.9	821	0.24238733252131547
original	2023-05-25	weed	0.25	0.75	0.9	1695	0.0035398230088495575
original	2023-05-25	crop	0.5	0.25	0.5	821	0.3276492082825822
original	2023-05-25	weed	0.5	0.25	0.5	1695	0.014749262536873156
original	2023-05-25	crop	0.5	0.25	0.75	821	0.3264311814859927
original	2023-05-25	weed	0.5	0.25	0.75	1695	0.014749262536873156
original	2023-05-25	crop	0.5	0.25	0.9	821	0.32399512789281365
original	2023-05-25	weed	0.5	0.25	0.9	1695	0.014749262536873156
original	2023-05-25	crop	0.5	0.5	0.5	821	0.28867235079171744
original	2023-05-25	weed	0.5	0.5	0.5	1695	0.008849557522123894
original	2023-05-25	crop	0.5	0.5	0.75	821	0.2874543239951279
original	2023-05-25	weed	0.5	0.5	0.75	1695	0.008849557522123894
original	2023-05-25	crop	0.5	0.5	0.9	821	0.2862362971985384
original	2023-05-25	weed	0.5	0.5	0.9	1695	0.008849557522123894
original	2023-05-25	crop	0.5	0.75	0.5	821	0.10475030450669914
original	2023-05-25	weed	0.5	0.75	0.5	1695	0.002359882005899705
original	2023-05-25	crop	0.5	0.75	0.75	821	0.10475030450669914
original	2023-05-25	weed	0.5	0.75	0.75	1695	0.002359882005899705
original	2023-05-25	crop	0.5	0.75	0.9	821	0.10475030450669914
original	2023-05-25	weed	0.5	0.75	0.9	1695	0.002359882005899705
original	2023-05-25	crop	0.75	0.25	0.5	821	0.146163215590743
original	2023-05-25	weed	0.75	0.25	0.5	1695	0.007669616519174041
original	2023-05-25	crop	0.75	0.25	0.75	821	0.146163215590743
original	2023-05-25	weed	0.75	0.25	0.75	1695	0.007669616519174041
original	2023-05-25	crop	0.75	0.25	0.9	821	0.14494518879415347
original	2023-05-25	weed	0.75	0.25	0.9	1695	0.007669616519174041
original	2023-05-25	crop	0.75	0.5	0.5	821	0.1218026796589525
original	2023-05-25	weed	0.75	0.5	0.5	1695	0.0035398230088495575
original	2023-05-25	crop	0.75	0.5	0.75	821	0.1218026796589525
original	2023-05-25	weed	0.75	0.5	0.75	1695	0.0035398230088495575
original	2023-05-25	crop	0.75	0.5	0.9	821	0.1218026796589525
original	2023-05-25	weed	0.75	0.5	0.9	1695	0.0035398230088495575
original	2023-05-25	crop	0.75	0.75	0.5	821	0.02192448233861145
original	2023-05-25	weed	0.75	0.75	0.5	1695	0.0011799410029498525
original	2023-05-25	crop	0.75	0.75	0.75	821	0.02192448233861145
original	2023-05-25	weed	0.75	0.75	0.75	1695	0.0011799410029498525
original	2023-05-25	crop	0.75	0.75	0.9	821	0.02192448233861145
original	2023-05-25	weed	0.75	0.75	0.9	1695	0.0011799410029498525
original	2023-05-30	crop	0.25	0.25	0.5	520	0.823076923076923
original	2023-05-30	weed	0.25	0.25	0.5	2427	0.29254223320972395
original	2023-05-30	crop	0.25	0.25	0.75	520	0.801923076923077
original	2023-05-30	weed	0.25	0.25	0.75	2427	0.29171817058096416
original	2023-05-30	crop	0.25	0.25	0.9	520	0.7673076923076924
original	2023-05-30	weed	0.25	0.25	0.9	2427	0.2913061392665843
original	2023-05-30	crop	0.25	0.5	0.5	520	0.7365384615384616
original	2023-05-30	weed	0.25	0.5	0.5	2427	0.23362175525339926
original	2023-05-30	crop	0.25	0.5	0.75	520	0.7230769230769231
original	2023-05-30	weed	0.25	0.5	0.75	2427	0.23279769262463948
original	2023-05-30	crop	0.25	0.5	0.9	520	0.6903846153846154
original	2023-05-30	weed	0.25	0.5	0.9	2427	0.2323856613102596
original	2023-05-30	crop	0.25	0.75	0.5	520	0.23846153846153847
original	2023-05-30	weed	0.25	0.75	0.5	2427	0.11166048619695097
original	2023-05-30	crop	0.25	0.75	0.75	520	0.23653846153846153
original	2023-05-30	weed	0.25	0.75	0.75	2427	0.11166048619695097
original	2023-05-30	crop	0.25	0.75	0.9	520	0.23461538461538461
original	2023-05-30	weed	0.25	0.75	0.9	2427	0.11166048619695097
original	2023-05-30	crop	0.5	0.25	0.5	520	0.6403846153846153
original	2023-05-30	weed	0.5	0.25	0.5	2427	0.2126081582200247
original	2023-05-30	crop	0.5	0.25	0.75	520	0.6192307692307693
original	2023-05-30	weed	0.5	0.25	0.75	2427	0.21178409559126493
original	2023-05-30	crop	0.5	0.25	0.9	520	0.5865384615384616
original	2023-05-30	weed	0.5	0.25	0.9	2427	0.21137206427688504
original	2023-05-30	crop	0.5	0.5	0.5	520	0.5673076923076923
original	2023-05-30	weed	0.5	0.5	0.5	2427	0.16522455706633704
original	2023-05-30	crop	0.5	0.5	0.75	520	0.5538461538461539
original	2023-05-30	weed	0.5	0.5	0.75	2427	0.16440049443757726
original	2023-05-30	crop	0.5	0.5	0.9	520	0.5230769230769231
original	2023-05-30	weed	0.5	0.5	0.9	2427	0.16398846312319737
original	2023-05-30	crop	0.5	0.75	0.5	520	0.1346153846153846
original	2023-05-30	weed	0.5	0.75	0.5	2427	0.07128141738772147
original	2023-05-30	crop	0.5	0.75	0.75	520	0.1326923076923077
original	2023-05-30	weed	0.5	0.75	0.75	2427	0.07128141738772147
original	2023-05-30	crop	0.5	0.75	0.9	520	0.13076923076923078
original	2023-05-30	weed	0.5	0.75	0.9	2427	0.07128141738772147
original	2023-05-30	crop	0.75	0.25	0.5	520	0.4
original	2023-05-30	weed	0.75	0.25	0.5	2427	0.10754017305315204
original	2023-05-30	crop	0.75	0.25	0.75	520	0.38653846153846155
original	2023-05-30	weed	0.75	0.25	0.75	2427	0.10712814173877215
original	2023-05-30	crop	0.75	0.25	0.9	520	0.36346153846153845
original	2023-05-30	weed	0.75	0.25	0.9	2427	0.10712814173877215
original	2023-05-30	crop	0.75	0.5	0.5	520	0.34423076923076923
original	2023-05-30	weed	0.75	0.5	0.5	2427	0.0754017305315204
original	2023-05-30	crop	0.75	0.5	0.75	520	0.33653846153846156
original	2023-05-30	weed	0.75	0.5	0.75	2427	0.0749896992171405
original	2023-05-30	crop	0.75	0.5	0.9	520	0.3153846153846154
original	2023-05-30	weed	0.75	0.5	0.9	2427	0.0749896992171405
original	2023-05-30	crop	0.75	0.75	0.5	520	0.051923076923076926
original	2023-05-30	weed	0.75	0.75	0.5	2427	0.026370004120313144
original	2023-05-30	crop	0.75	0.75	0.75	520	0.051923076923076926
original	2023-05-30	weed	0.75	0.75	0.75	2427	0.026370004120313144
original	2023-05-30	crop	0.75	0.75	0.9	520	0.05
original	2023-05-30	weed	0.75	0.75	0.9	2427	0.026370004120313144
original	2023-06-06	crop	0.25	0.25	0.5	633	0.8625592417061612
original	2023-06-06	weed	0.25	0.25	0.5	4726	0.4066864155734236
original	2023-06-06	crop	0.25	0.25	0.75	633	0.717219589257504
original	2023-06-06	weed	0.25	0.25	0.75	4726	0.38658484976724505
original	2023-06-06	crop	0.25	0.25	0.9	633	0.5892575039494471
original	2023-06-06	weed	0.25	0.25	0.9	4726	0.3834109183241642
original	2023-06-06	crop	0.25	0.5	0.5	633	0.8625592417061612
original	2023-06-06	weed	0.25	0.5	0.5	4726	0.3988573846804909
original	2023-06-06	crop	0.25	0.5	0.75	633	0.717219589257504
original	2023-06-06	weed	0.25	0.5	0.75	4726	0.3787558188743123
original	2023-06-06	crop	0.25	0.5	0.9	633	0.5892575039494471
original	2023-06-06	weed	0.25	0.5	0.9	4726	0.3755818874312315
original	2023-06-06	crop	0.25	0.75	0.5	633	0.660347551342812
original	2023-06-06	weed	0.25	0.75	0.5	4726	0.3169699534490055
original	2023-06-06	crop	0.25	0.75	0.75	633	0.5639810426540285
original	2023-06-06	weed	0.25	0.75	0.75	4726	0.30279305966991116
original	2023-06-06	crop	0.25	0.75	0.9	633	0.4786729857819905
original	2023-06-06	weed	0.25	0.75	0.9	4726	0.29983072365636904
original	2023-06-06	crop	0.5	0.25	0.5	633	0.7756714060031595
original	2023-06-06	weed	0.5	0.25	0.5	4726	0.2797291578501904
original	2023-06-06	crop	0.5	0.25	0.75	633	0.6382306477093207
original	2023-06-06	weed	0.5	0.25	0.75	4726	0.26153195090986037
original	2023-06-06	crop	0.5	0.25	0.9	633	0.5150078988941548
original	2023-06-06	weed	0.5	0.25	0.9	4726	0.2583580194667795
original	2023-06-06	crop	0.5	0.5	0.5	633	0.7756714060031595
original	2023-06-06	weed	0.5	0.5	0.5	4726	0.2740160812526449
original	2023-06-06	crop	0.5	0.5	0.75	633	0.6382306477093207
original	2023-06-06	weed	0.5	0.5	0.75	4726	0.25581887431231487
original	2023-06-06	crop	0.5	0.5	0.9	633	0.5150078988941548
original	2023-06-06	weed	0.5	0.5	0.9	4726	0.252644942869234
original	2023-06-06	crop	0.5	0.75	0.5	633	0.5781990521327014
original	2023-06-06	weed	0.5	0.75	0.5	4726	0.2147693609818028
original	2023-06-06	crop	0.5	0.75	0.75	633	0.48973143759873616
original	2023-06-06	weed	0.5	0.75	0.75	4726	0.20207363520947946
original	2023-06-06	crop	0.5	0.75	0.9	633	0.4075829383886256
original	2023-06-06	weed	0.5	0.75	0.9	4726	0.19911129919593737
original	2023-06-06	crop	0.75	0.25	0.5	633	0.5134281200631912
original	2023-06-06	weed	0.75	0.25	0.5	4726	0.11933982225983919
original	2023-06-06	crop	0.75	0.25	0.75	633	0.4075829383886256
original	2023-06-06	weed	0.75	0.25	0.75	4726	0.10410495133305121
original	2023-06-06	crop	0.75	0.25	0.9	633	0.31121642969984203
original	2023-06-06	weed	0.75	0.25	0.9	4726	0.10177740160812526
original	2023-06-06	crop	0.75	0.5	0.5	633	0.5134281200631912
original	2023-06-06	weed	0.75	0.5	0.5	4726	0.11701227253491324
original	2023-06-06	crop	0.75	0.5	0.75	633	0.4075829383886256
original	2023-06-06	weed	0.75	0.5	0.75	4726	0.10177740160812526
original	2023-06-06	crop	0.75	0.5	0.9	633	0.31121642969984203
original	2023-06-06	weed	0.75	0.5	0.9	4726	0.09944985188319933
original	2023-06-06	crop	0.75	0.75	0.5	633	0.3665086887835703
original	2023-06-06	weed	0.75	0.75	0.5	4726	0.08717731696995346
original	2023-06-06	crop	0.75	0.75	0.75	633	0.3001579778830964
original	2023-06-06	weed	0.75	0.75	0.75	4726	0.07702073635209479
original	2023-06-06	crop	0.75	0.75	0.9	633	0.23222748815165878
original	2023-06-06	weed	0.75	0.75	0.9	4726	0.07490478205670757
original	2023-06-15	crop	0.25	0.25	0.5	194	0.4536082474226804
original	2023-06-15	weed	0.25	0.25	0.5	1181	0.2514817950889077
original	2023-06-15	crop	0.25	0.25	0.75	194	0.26804123711340205
original	2023-06-15	weed	0.25	0.25	0.75	1181	0.21676545300592717
original	2023-06-15	crop	0.25	0.25	0.9	194	0.211340206185567
original	2023-06-15	weed	0.25	0.25	0.9	1181	0.08128704487722269
original	2023-06-15	crop	0.25	0.5	0.5	194	0.4536082474226804
original	2023-06-15	weed	0.25	0.5	0.5	1181	0.2514817950889077
original	2023-06-15	crop	0.25	0.5	0.75	194	0.26804123711340205
original	2023-06-15	weed	0.25	0.5	0.75	1181	0.21676545300592717
original	2023-06-15	crop	0.25	0.5	0.9	194	0.211340206185567
original	2023-06-15	weed	0.25	0.5	0.9	1181	0.08128704487722269
original	2023-06-15	crop	0.25	0.75	0.5	194	0.4484536082474227
original	2023-06-15	weed	0.25	0.75	0.5	1181	0.1718882303132938
original	2023-06-15	crop	0.25	0.75	0.75	194	0.26288659793814434
original	2023-06-15	weed	0.25	0.75	0.75	1181	0.14055884843353092
original	2023-06-15	crop	0.25	0.75	0.9	194	0.20618556701030927
original	2023-06-15	weed	0.25	0.75	0.9	1181	0.07197290431837426
original	2023-06-15	crop	0.5	0.25	0.5	194	0.23711340206185566
original	2023-06-15	weed	0.5	0.25	0.5	1181	0.17950889077053345
original	2023-06-15	crop	0.5	0.25	0.75	194	0.10824742268041238
original	2023-06-15	weed	0.5	0.25	0.75	1181	0.15749364944961897
original	2023-06-15	crop	0.5	0.25	0.9	194	0.08762886597938144
original	2023-06-15	weed	0.5	0.25	0.9	1181	0.03725656223539373
original	2023-06-15	crop	0.5	0.5	0.5	194	0.23711340206185566
original	2023-06-15	weed	0.5	0.5	0.5	1181	0.17950889077053345
original	2023-06-15	crop	0.5	0.5	0.75	194	0.10824742268041238
original	2023-06-15	weed	0.5	0.5	0.75	1181	0.15749364944961897
original	2023-06-15	crop	0.5	0.5	0.9	194	0.08762886597938144
original	2023-06-15	weed	0.5	0.5	0.9	1181	0.03725656223539373
original	2023-06-15	crop	0.5	0.75	0.5	194	0.23195876288659795
original	2023-06-15	weed	0.5	0.75	0.5	1181	0.10838272650296359
original	2023-06-15	crop	0.5	0.75	0.75	194	0.10309278350515463
original	2023-06-15	weed	0.5	0.75	0.75	1181	0.08806096528365792
original	2023-06-15	crop	0.5	0.75	0.9	194	0.08247422680412371
original	2023-06-15	weed	0.5	0.75	0.9	1181	0.028789161727349702
original	2023-06-15	crop	0.75	0.25	0.5	194	0.08762886597938144
original	2023-06-15	weed	0.75	0.25	0.5	1181	0.13039796782387808
original	2023-06-15	crop	0.75	0.25	0.75	194	0.02577319587628866
original	2023-06-15	weed	0.75	0.25	0.75	1181	0.11854360711261643
original	2023-06-15	crop	0.75	0.25	0.9	194	0.020618556701030927
original	2023-06-15	weed	0.75	0.25	0.9	1181	0.016088060965283656
original	2023-06-15	crop	0.75	0.5	0.5	194	0.08762886597938144
original	2023-06-15	weed	0.75	0.5	0.5	1181	0.13039796782387808
original	2023-06-15	crop	0.75	0.5	0.75	194	0.02577319587628866
original	2023-06-15	weed	0.75	0.5	0.75	1181	0.11854360711261643
original	2023-06-15	crop	0.75	0.5	0.9	194	0.020618556701030927
original	2023-06-15	weed	0.75	0.5	0.9	1181	0.016088060965283656
original	2023-06-15	crop	0.75	0.75	0.5	194	0.08762886597938144
original	2023-06-15	weed	0.75	0.75	0.5	1181	0.06773920406435224
original	2023-06-15	crop	0.75	0.75	0.75	194	0.02577319587628866
original	2023-06-15	weed	0.75	0.75	0.75	1181	0.057578323454699404
original	2023-06-15	crop	0.75	0.75	0.9	194	0.020618556701030927
original	2023-06-15	weed	0.75	0.75	0.9	1181	0.010160880609652836
nested_commissioned	2023-05-25	crop	0.25	0.25	0.5	821	0.7783191230207065
nested_commissioned	2023-05-25	weed	0.25	0.25	0.5	1695	0.08672566371681416
nested_commissioned	2023-05-25	crop	0.25	0.25	0.75	821	0.7710109622411693
nested_commissioned	2023-05-25	weed	0.25	0.25	0.75	1695	0.08495575221238938
nested_commissioned	2023-05-25	crop	0.25	0.25	0.9	821	0.7649208282582217
nested_commissioned	2023-05-25	weed	0.25	0.25	0.9	1695	0.08436578171091445
nested_commissioned	2023-05-25	crop	0.25	0.5	0.5	821	0.43605359317904996
nested_commissioned	2023-05-25	weed	0.25	0.5	0.5	1695	0.032448377581120944
nested_commissioned	2023-05-25	crop	0.25	0.5	0.75	821	0.4336175395858709
nested_commissioned	2023-05-25	weed	0.25	0.5	0.75	1695	0.032448377581120944
nested_commissioned	2023-05-25	crop	0.25	0.5	0.9	821	0.43239951278928135
nested_commissioned	2023-05-25	weed	0.25	0.5	0.9	1695	0.03185840707964602
nested_commissioned	2023-05-25	crop	0.25	0.75	0.5	821	0.08526187576126674
nested_commissioned	2023-05-25	weed	0.25	0.75	0.5	1695	0.0058997050147492625
nested_commissioned	2023-05-25	crop	0.25	0.75	0.75	821	0.08526187576126674
nested_commissioned	2023-05-25	weed	0.25	0.75	0.75	1695	0.0058997050147492625
nested_commissioned	2023-05-25	crop	0.25	0.75	0.9	821	0.08526187576126674
nested_commissioned	2023-05-25	weed	0.25	0.75	0.9	1695	0.005309734513274336
nested_commissioned	2023-05-25	crop	0.5	0.25	0.5	821	0.6662606577344702
nested_commissioned	2023-05-25	weed	0.5	0.25	0.5	1695	0.0743362831858407
nested_commissioned	2023-05-25	crop	0.5	0.25	0.75	821	0.6613885505481121
nested_commissioned	2023-05-25	weed	0.5	0.25	0.75	1695	0.07315634218289085
nested_commissioned	2023-05-25	crop	0.5	0.25	0.9	821	0.6552984165651644
nested_commissioned	2023-05-25	weed	0.5	0.25	0.9	1695	0.07256637168141593
nested_commissioned	2023-05-25	crop	0.5	0.5	0.5	821	0.34957369062119364
nested_commissioned	2023-05-25	weed	0.5	0.5	0.5	1695	0.027138643067846607
nested_commissioned	2023-05-25	crop	0.5	0.5	0.75	821	0.34835566382460414
nested_commissioned	2023-05-25	weed	0.5	0.5	0.75	1695	0.027138643067846607
nested_commissioned	2023-05-25	crop	0.5	0.5	0.9	821	0.3471376370280146
nested_commissioned	2023-05-25	weed	0.5	0.5	0.9	1695	0.02654867256637168
nested_commissioned	2023-05-25	crop	0.5	0.75	0.5	821	0.0389768574908648
nested_commissioned	2023-05-25	weed	0.5	0.75	0.5	1695	0.005309734513274336
nested_commissioned	2023-05-25	crop	0.5	0.75	0.75	821	0.0389768574908648
nested_commissioned	2023-05-25	weed	0.5	0.75	0.75	1695	0.005309734513274336
nested_commissioned	2023-05-25	crop	0.5	0.75	0.9	821	0.0389768574908648
nested_commissioned	2023-05-25	weed	0.5	0.75	0.9	1695	0.00471976401179941
nested_commissioned	2023-05-25	crop	0.75	0.25	0.5	821	0.5298416565164433
nested_commissioned	2023-05-25	weed	0.75	0.25	0.5	1695	0.0471976401179941
nested_commissioned	2023-05-25	crop	0.75	0.25	0.75	821	0.5261875761266748
nested_commissioned	2023-05-25	weed	0.75	0.25	0.75	1695	0.04660766961651917
nested_commissioned	2023-05-25	crop	0.75	0.25	0.9	821	0.5213154689403167
nested_commissioned	2023-05-25	weed	0.75	0.25	0.9	1695	0.04660766961651917
nested_commissioned	2023-05-25	crop	0.75	0.5	0.5	821	0.2545676004872107
nested_commissioned	2023-05-25	weed	0.75	0.5	0.5	1695	0.01710914454277286
nested_commissioned	2023-05-25	crop	0.75	0.5	0.75	821	0.25334957369062117
nested_commissioned	2023-05-25	weed	0.75	0.5	0.75	1695	0.01710914454277286
nested_commissioned	2023-05-25	crop	0.75	0.5	0.9	821	0.25213154689403167
nested_commissioned	2023-05-25	weed	0.75	0.5	0.9	1695	0.01710914454277286
nested_commissioned	2023-05-25	crop	0.75	0.75	0.5	821	0.023142509135200974
nested_commissioned	2023-05-25	weed	0.75	0.75	0.5	1695	0.002359882005899705
nested_commissioned	2023-05-25	crop	0.75	0.75	0.75	821	0.023142509135200974
nested_commissioned	2023-05-25	weed	0.75	0.75	0.75	1695	0.002359882005899705
nested_commissioned	2023-05-25	crop	0.75	0.75	0.9	821	0.023142509135200974
nested_commissioned	2023-05-25	weed	0.75	0.75	0.9	1695	0.002359882005899705
nested_commissioned	2023-05-30	crop	0.25	0.25	0.5	520	0.8711538461538462
nested_commissioned	2023-05-30	weed	0.25	0.25	0.5	2427	0.45488257107540175
nested_commissioned	2023-05-30	crop	0.25	0.25	0.75	520	0.8365384615384616
nested_commissioned	2023-05-30	weed	0.25	0.25	0.75	2427	0.45282241450350225
nested_commissioned	2023-05-30	crop	0.25	0.25	0.9	520	0.7153846153846154
nested_commissioned	2023-05-30	weed	0.25	0.25	0.9	2427	0.45282241450350225
nested_commissioned	2023-05-30	crop	0.25	0.5	0.5	520	0.32884615384615384
nested_commissioned	2023-05-30	weed	0.25	0.5	0.5	2427	0.24969097651421507
nested_commissioned	2023-05-30	crop	0.25	0.5	0.75	520	0.3211538461538462
nested_commissioned	2023-05-30	weed	0.25	0.5	0.75	2427	0.24969097651421507
nested_commissioned	2023-05-30	crop	0.25	0.5	0.9	520	0.3
nested_commissioned	2023-05-30	weed	0.25	0.5	0.9	2427	0.24969097651421507
nested_commissioned	2023-05-30	crop	0.25	0.75	0.5	520	0.06153846153846154
nested_commissioned	2023-05-30	weed	0.25	0.75	0.5	2427	0.05603625875566543
nested_commissioned	2023-05-30	crop	0.25	0.75	0.75	520	0.06153846153846154
nested_commissioned	2023-05-30	weed	0.25	0.75	0.75	2427	0.05603625875566543
nested_commissioned	2023-05-30	crop	0.25	0.75	0.9	520	0.057692307692307696
nested_commissioned	2023-05-30	weed	0.25	0.75	0.9	2427	0.05603625875566543
nested_commissioned	2023-05-30	crop	0.5	0.25	0.5	520	0.8307692307692308
nested_commissioned	2023-05-30	weed	0.5	0.25	0.5	2427	0.40873506386485375
nested_commissioned	2023-05-30	crop	0.5	0.25	0.75	520	0.7961538461538461
nested_commissioned	2023-05-30	weed	0.5	0.25	0.75	2427	0.40667490729295425
nested_commissioned	2023-05-30	crop	0.5	0.25	0.9	520	0.676923076923077
nested_commissioned	2023-05-30	weed	0.5	0.25	0.9	2427	0.40667490729295425
nested_commissioned	2023-05-30	crop	0.5	0.5	0.5	520	0.3
nested_commissioned	2023-05-30	weed	0.5	0.5	0.5	2427	0.21672847136382364
nested_commissioned	2023-05-30	crop	0.5	0.5	0.75	520	0.2923076923076923
nested_commissioned	2023-05-30	weed	0.5	0.5	0.75	2427	0.21672847136382364
nested_commissioned	2023-05-30	crop	0.5	0.5	0.9	520	0.27307692307692305
nested_commissioned	2023-05-30	weed	0.5	0.5	0.9	2427	0.21672847136382364
nested_commissioned	2023-05-30	crop	0.5	0.75	0.5	520	0.04423076923076923
nested_commissioned	2023-05-30	weed	0.5	0.75	0.5	2427	0.04326328800988875
nested_commissioned	2023-05-30	crop	0.5	0.75	0.75	520	0.04423076923076923
nested_commissioned	2023-05-30	weed	0.5	0.75	0.75	2427	0.04326328800988875
nested_commissioned	2023-05-30	crop	0.5	0.75	0.9	520	0.04230769230769231
nested_commissioned	2023-05-30	weed	0.5	0.75	0.9	2427	0.04326328800988875
nested_commissioned	2023-05-30	crop	0.75	0.25	0.5	520	0.725
nested_commissioned	2023-05-30	weed	0.75	0.25	0.5	2427	0.30243098475484137
nested_commissioned	2023-05-30	crop	0.75	0.25	0.75	520	0.6923076923076923
nested_commissioned	2023-05-30	weed	0.75	0.25	0.75	2427	0.3003708281829419
nested_commissioned	2023-05-30	crop	0.75	0.25	0.9	520	0.5826923076923077
nested_commissioned	2023-05-30	weed	0.75	0.25	0.9	2427	0.3003708281829419
nested_commissioned	2023-05-30	crop	0.75	0.5	0.5	520	0.23846153846153847
nested_commissioned	2023-05-30	weed	0.75	0.5	0.5	2427	0.14668314791924186
nested_commissioned	2023-05-30	crop	0.75	0.5	0.75	520	0.2326923076923077
nested_commissioned	2023-05-30	weed	0.75	0.5	0.75	2427	0.14668314791924186
nested_commissioned	2023-05-30	crop	0.75	0.5	0.9	520	0.21923076923076923
nested_commissioned	2023-05-30	weed	0.75	0.5	0.9	2427	0.14668314791924186
nested_commissioned	2023-05-30	crop	0.75	0.75	0.5	520	0.021153846153846155
nested_commissioned	2023-05-30	weed	0.75	0.75	0.5	2427	0.018953440461475072
nested_commissioned	2023-05-30	crop	0.75	0.75	0.75	520	0.021153846153846155
nested_commissioned	2023-05-30	weed	0.75	0.75	0.75	2427	0.018953440461475072
nested_commissioned	2023-05-30	crop	0.75	0.75	0.9	520	0.021153846153846155
nested_commissioned	2023-05-30	weed	0.75	0.75	0.9	2427	0.018953440461475072
nested_commissioned	2023-06-06	crop	0.25	0.25	0.5	633	0.8799368088467614
nested_commissioned	2023-06-06	weed	0.25	0.25	0.5	4726	0.6112991959373677
nested_commissioned	2023-06-06	crop	0.25	0.25	0.75	633	0.6966824644549763
nested_commissioned	2023-06-06	weed	0.25	0.25	0.75	4726	0.5806178586542531
nested_commissioned	2023-06-06	crop	0.25	0.25	0.9	633	0.5387045813586098
nested_commissioned	2023-06-06	weed	0.25	0.25	0.9	4726	0.5787134997884046
nested_commissioned	2023-06-06	crop	0.25	0.5	0.5	633	0.8799368088467614
nested_commissioned	2023-06-06	weed	0.25	0.5	0.5	4726	0.564748201438849
nested_commissioned	2023-06-06	crop	0.25	0.5	0.75	633	0.6966824644549763
nested_commissioned	2023-06-06	weed	0.25	0.5	0.75	4726	0.5344900550148117
nested_commissioned	2023-06-06	crop	0.25	0.5	0.9	633	0.5387045813586098
nested_commissioned	2023-06-06	weed	0.25	0.5	0.9	4726	0.5325856961489632
nested_commissioned	2023-06-06	crop	0.25	0.75	0.5	633	0.3459715639810427
nested_commissioned	2023-06-06	weed	0.25	0.75	0.5	4726	0.30406263224714347
nested_commissioned	2023-06-06	crop	0.25	0.75	0.75	633	0.3001579778830964
nested_commissioned	2023-06-06	weed	0.25	0.75	0.75	4726	0.29475243334743967
nested_commissioned	2023-06-06	crop	0.25	0.75	0.9	633	0.2575039494470774
nested_commissioned	2023-06-06	weed	0.25	0.75	0.9	4726	0.2936944561997461
nested_commissioned	2023-06-06	crop	0.5	0.25	0.5	633	0.8483412322274881
nested_commissioned	2023-06-06	weed	0.5	0.25	0.5	4726	0.5300465509944985
nested_commissioned	2023-06-06	crop	0.5	0.25	0.75	633	0.665086887835703
nested_commissioned	2023-06-06	weed	0.5	0.25	0.75	4726	0.5
nested_commissioned	2023-06-06	crop	0.5	0.25	0.9	633	0.5071090047393365
nested_commissioned	2023-06-06	weed	0.5	0.25	0.9	4726	0.4980956411341515
nested_commissioned	2023-06-06	crop	0.5	0.5	0.5	633	0.8483412322274881
nested_commissioned	2023-06-06	weed	0.5	0.5	0.5	4726	0.4873042742276767
nested_commissioned	2023-06-06	crop	0.5	0.5	0.75	633	0.665086887835703
nested_commissioned	2023-06-06	weed	0.5	0.5	0.75	4726	0.4574693186627169
nested_commissioned	2023-06-06	crop	0.5	0.5	0.9	633	0.5071090047393365
nested_commissioned	2023-06-06	weed	0.5	0.5	0.9	4726	0.4555649597968684
nested_commissioned	2023-06-06	crop	0.5	0.75	0.5	633	0.31437598736176936
nested_commissioned	2023-06-06	weed	0.5	0.75	0.5	4726	0.2505289885738468
nested_commissioned	2023-06-06	crop	0.5	0.75	0.75	633	0.2685624012638231
nested_commissioned	2023-06-06	weed	0.5	0.75	0.75	4726	0.24164198053322047
nested_commissioned	2023-06-06	crop	0.5	0.75	0.9	633	0.2259083728278041
nested_commissioned	2023-06-06	weed	0.5	0.75	0.9	4726	0.24058400338552688
nested_commissioned	2023-06-06	crop	0.75	0.25	0.5	633	0.7282780410742496
nested_commissioned	2023-06-06	weed	0.75	0.25	0.5	4726	0.3554803216250529
nested_commissioned	2023-06-06	crop	0.75	0.25	0.75	633	0.5639810426540285
nested_commissioned	2023-06-06	weed	0.75	0.25	0.75	4726	0.3292424883622514
nested_commissioned	2023-06-06	crop	0.75	0.25	0.9	633	0.41390205371248023
nested_commissioned	2023-06-06	weed	0.75	0.25	0.9	4726	0.32776132035548033
nested_commissioned	2023-06-06	crop	0.75	0.5	0.5	633	0.7282780410742496
nested_commissioned	2023-06-06	weed	0.75	0.5	0.5	4726	0.32310622090562846
nested_commissioned	2023-06-06	crop	0.75	0.5	0.75	633	0.5639810426540285
nested_commissioned	2023-06-06	weed	0.75	0.5	0.75	4726	0.29707998307236566
nested_commissioned	2023-06-06	crop	0.75	0.5	0.9	633	0.41390205371248023
nested_commissioned	2023-06-06	weed	0.75	0.5	0.9	4726	0.2955988150655946
nested_commissioned	2023-06-06	crop	0.75	0.75	0.5	633	0.23222748815165878
nested_commissioned	2023-06-06	weed	0.75	0.75	0.5	4726	0.15256030469741855
nested_commissioned	2023-06-06	crop	0.75	0.75	0.75	633	0.1990521327014218
nested_commissioned	2023-06-06	weed	0.75	0.75	0.75	4726	0.14494286923402455
nested_commissioned	2023-06-06	crop	0.75	0.75	0.9	633	0.1579778830963665
nested_commissioned	2023-06-06	weed	0.75	0.75	0.9	4726	0.14388489208633093
nested_commissioned	2023-06-15	crop	0.25	0.25	0.5	194	0.5
nested_commissioned	2023-06-15	weed	0.25	0.25	0.5	1181	0.4343776460626588
nested_commissioned	2023-06-15	crop	0.25	0.25	0.75	194	0.26804123711340205
nested_commissioned	2023-06-15	weed	0.25	0.25	0.75	1181	0.31583403895004236
nested_commissioned	2023-06-15	crop	0.25	0.25	0.9	194	0.10309278350515463
nested_commissioned	2023-06-15	weed	0.25	0.25	0.9	1181	0.14563928873835733
nested_commissioned	2023-06-15	crop	0.25	0.5	0.5	194	0.5
nested_commissioned	2023-06-15	weed	0.25	0.5	0.5	1181	0.4343776460626588
nested_commissioned	2023-06-15	crop	0.25	0.5	0.75	194	0.26804123711340205
nested_commissioned	2023-06-15	weed	0.25	0.5	0.75	1181	0.31583403895004236
nested_commissioned	2023-06-15	crop	0.25	0.5	0.9	194	0.10309278350515463
nested_commissioned	2023-06-15	weed	0.25	0.5	0.9	1181	0.14563928873835733
nested_commissioned	2023-06-15	crop	0.25	0.75	0.5	194	0.4793814432989691
nested_commissioned	2023-06-15	weed	0.25	0.75	0.5	1181	0.32006773920406434
nested_commissioned	2023-06-15	crop	0.25	0.75	0.75	194	0.24742268041237114
nested_commissioned	2023-06-15	weed	0.25	0.75	0.75	1181	0.20237087214225233
nested_commissioned	2023-06-15	crop	0.25	0.75	0.9	194	0.10309278350515463
nested_commissioned	2023-06-15	weed	0.25	0.75	0.9	1181	0.11854360711261643
nested_commissioned	2023-06-15	crop	0.5	0.25	0.5	194	0.29896907216494845
nested_commissioned	2023-06-15	weed	0.5	0.25	0.5	1181	0.3370025402201524
nested_commissioned	2023-06-15	crop	0.5	0.25	0.75	194	0.1134020618556701
nested_commissioned	2023-06-15	weed	0.5	0.25	0.75	1181	0.2480948348856901
nested_commissioned	2023-06-15	crop	0.5	0.25	0.9	194	0.041237113402061855
nested_commissioned	2023-06-15	weed	0.5	0.25	0.9	1181	0.0821337849280271
nested_commissioned	2023-06-15	crop	0.5	0.5	0.5	194	0.29896907216494845
nested_commissioned	2023-06-15	weed	0.5	0.5	0.5	1181	0.3370025402201524
nested_commissioned	2023-06-15	crop	0.5	0.5	0.75	194	0.1134020618556701
nested_commissioned	2023-06-15	weed	0.5	0.5	0.75	1181	0.2480948348856901
nested_commissioned	2023-06-15	crop	0.5	0.5	0.9	194	0.041237113402061855
nested_commissioned	2023-06-15	weed	0.5	0.5	0.9	1181	0.0821337849280271
nested_commissioned	2023-06-15	crop	0.5	0.75	0.5	194	0.28350515463917525
nested_commissioned	2023-06-15	weed	0.5	0.75	0.5	1181	0.2277730736663844
nested_commissioned	2023-06-15	crop	0.5	0.75	0.75	194	0.0979381443298969
nested_commissioned	2023-06-15	weed	0.5	0.75	0.75	1181	0.1397121083827265
nested_commissioned	2023-06-15	crop	0.5	0.75	0.9	194	0.041237113402061855
nested_commissioned	2023-06-15	weed	0.5	0.75	0.9	1181	0.05842506350550381
nested_commissioned	2023-06-15	crop	0.75	0.25	0.5	194	0.15979381443298968
nested_commissioned	2023-06-15	weed	0.75	0.25	0.5	1181	0.23708721422523285
nested_commissioned	2023-06-15	crop	0.75	0.25	0.75	194	0.06701030927835051
nested_commissioned	2023-06-15	weed	0.75	0.25	0.75	1181	0.18120237087214225
nested_commissioned	2023-06-15	crop	0.75	0.25	0.9	194	0.030927835051546393
nested_commissioned	2023-06-15	weed	0.75	0.25	0.9	1181	0.04064352243861134
nested_commissioned	2023-06-15	crop	0.75	0.5	0.5	194	0.15979381443298968
nested_commissioned	2023-06-15	weed	0.75	0.5	0.5	1181	0.23708721422523285
nested_commissioned	2023-06-15	crop	0.75	0.5	0.75	194	0.06701030927835051
nested_commissioned	2023-06-15	weed	0.75	0.5	0.75	1181	0.18120237087214225
nested_commissioned	2023-06-15	crop	0.75	0.5	0.9	194	0.030927835051546393
nested_commissioned	2023-06-15	weed	0.75	0.5	0.9	1181	0.04064352243861134
nested_commissioned	2023-06-15	crop	0.75	0.75	0.5	194	0.14948453608247422
nested_commissioned	2023-06-15	weed	0.75	0.75	0.5	1181	0.14394580863674852
nested_commissioned	2023-06-15	crop	0.75	0.75	0.75	194	0.05670103092783505
nested_commissioned	2023-06-15	weed	0.75	0.75	0.75	1181	0.08806096528365792
nested_commissioned	2023-06-15	crop	0.75	0.75	0.9	194	0.030927835051546393
nested_commissioned	2023-06-15	weed	0.75	0.75	0.9	1181	0.02286198137171888
