policy	aggregation	metric	strata	macro_mean	worst_stratum_value	best_stratum_value	direction	interpretation
bounded_global_min5_max50_N520	acquisition_date	all_candidate_queue_precision	4	0.6133006222623277	0.1372549019607843	0.8666666666666667	higher_is_better	descriptive_post_test_no_population_inference
bounded_global_min5_max50_N520	acquisition_date	queued_spatial_weed_instance_recall	4	0.23418332208916623	0.0408163265306122	0.5137741046831956	higher_is_better	descriptive_post_test_no_population_inference
bounded_global_min5_max50_N520	acquisition_date	queued_role_qualified_weed_instance_recall	4	0.19586706583459826	0.0153061224489795	0.465564738292011	higher_is_better	descriptive_post_test_no_population_inference
bounded_global_min5_max50_N520	acquisition_date	one_to_one_role_qualified_recall	4	0.14153560184404337	0.0153061224489795	0.3044077134986226	higher_is_better	descriptive_post_test_no_population_inference
bounded_global_min5_max50_N520	acquisition_date	crop_overlap_scene_frequency_0.10	4	0.5	0.75	0.375	lower_is_better	descriptive_post_test_no_population_inference
fixed_K20_per_image	acquisition_date	all_candidate_queue_precision	4	0.5515625	0.075	0.9125	higher_is_better	descriptive_post_test_no_population_inference
fixed_K20_per_image	acquisition_date	queued_spatial_weed_instance_recall	4	0.18572131331871589	0.0612244897959183	0.3154269972451791	higher_is_better	descriptive_post_test_no_population_inference
fixed_K20_per_image	acquisition_date	queued_role_qualified_weed_instance_recall	4	0.15038089616011688	0.0255102040816326	0.2961432506887052	higher_is_better	descriptive_post_test_no_population_inference
fixed_K20_per_image	acquisition_date	one_to_one_role_qualified_recall	4	0.1110632062742452	0.0255102040816326	0.1859504132231405	higher_is_better	descriptive_post_test_no_population_inference
fixed_K20_per_image	acquisition_date	crop_overlap_scene_frequency_0.10	4	0.375	1.0	0.0	lower_is_better	descriptive_post_test_no_population_inference
global_top_N520	acquisition_date	all_candidate_queue_precision	4	0.6160171076993158	0.1842105263157894	0.856655290102389	higher_is_better	descriptive_post_test_no_population_inference
global_top_N520	acquisition_date	queued_spatial_weed_instance_recall	4	0.23924319727891155	0.0331632653061224	0.5303030303030303	higher_is_better	descriptive_post_test_no_population_inference
global_top_N520	acquisition_date	queued_role_qualified_weed_instance_recall	4	0.2001026030246809	0.0153061224489795	0.477961432506887	higher_is_better	descriptive_post_test_no_population_inference
global_top_N520	acquisition_date	one_to_one_role_qualified_recall	4	0.14348119413054472	0.0153061224489795	0.3099173553719008	higher_is_better	descriptive_post_test_no_population_inference
global_top_N520	acquisition_date	crop_overlap_scene_frequency_0.10	4	0.4375	0.5	0.375	lower_is_better	descriptive_post_test_no_population_inference
validation_score_threshold_transferred	acquisition_date	all_candidate_queue_precision	4	0.6876147704379698	0.2608695652173913	0.8901960784313725	higher_is_better	descriptive_post_test_no_population_inference
validation_score_threshold_transferred	acquisition_date	queued_spatial_weed_instance_recall	4	0.21253654354303703	0.0255102040816326	0.4765840220385675	higher_is_better	descriptive_post_test_no_population_inference
validation_score_threshold_transferred	acquisition_date	queued_role_qualified_weed_instance_recall	4	0.1835729746444032	0.0127551020408163	0.4393939393939394	higher_is_better	descriptive_post_test_no_population_inference
validation_score_threshold_transferred	acquisition_date	one_to_one_role_qualified_recall	4	0.13106657952437173	0.0127551020408163	0.2809917355371901	higher_is_better	descriptive_post_test_no_population_inference
validation_score_threshold_transferred	acquisition_date	crop_overlap_scene_frequency_0.10	4	0.21875	0.5	0.0	lower_is_better	descriptive_post_test_no_population_inference
bounded_global_min5_max50_N520	test_patch_proxy	all_candidate_queue_precision	2	0.7301218112149812	0.679324894514768	0.7809187279151943	higher_is_better	descriptive_post_test_no_population_inference
bounded_global_min5_max50_N520	test_patch_proxy	queued_spatial_weed_instance_recall	2	0.3113083803049814	0.3111739745403111	0.3114427860696517	higher_is_better	descriptive_post_test_no_population_inference
bounded_global_min5_max50_N520	test_patch_proxy	queued_role_qualified_weed_instance_recall	2	0.261651431667687	0.2446958981612447	0.2786069651741293	higher_is_better	descriptive_post_test_no_population_inference
bounded_global_min5_max50_N520	test_patch_proxy	one_to_one_role_qualified_recall	2	0.18313876163735776	0.1782178217821782	0.1880597014925373	higher_is_better	descriptive_post_test_no_population_inference
bounded_global_min5_max50_N520	test_patch_proxy	crop_overlap_scene_frequency_0.10	2	0.5	0.5384615384615384	0.4615384615384615	lower_is_better	descriptive_post_test_no_population_inference
fixed_K20_per_image	test_patch_proxy	all_candidate_queue_precision	2	0.5288461538461539	0.45	0.6076923076923076	higher_is_better	descriptive_post_test_no_population_inference
fixed_K20_per_image	test_patch_proxy	queued_spatial_weed_instance_recall	2	0.22884024010076914	0.2228855721393035	0.2347949080622348	higher_is_better	descriptive_post_test_no_population_inference
fixed_K20_per_image	test_patch_proxy	queued_role_qualified_weed_instance_recall	2	0.18761637357765626	0.1782178217821782	0.1970149253731343	higher_is_better	descriptive_post_test_no_population_inference
fixed_K20_per_image	test_patch_proxy	one_to_one_role_qualified_recall	2	0.13180842604516316	0.1272984441301273	0.136318407960199	higher_is_better	descriptive_post_test_no_population_inference
fixed_K20_per_image	test_patch_proxy	crop_overlap_scene_frequency_0.10	2	0.4615384615384615	0.4615384615384615	0.4615384615384615	lower_is_better	descriptive_post_test_no_population_inference
global_top_N520	test_patch_proxy	all_candidate_queue_precision	2	0.7431752873563219	0.7155172413793104	0.7708333333333334	higher_is_better	descriptive_post_test_no_population_inference
global_top_N520	test_patch_proxy	queued_spatial_weed_instance_recall	2	0.3207899681226118	0.3134328358208955	0.3281471004243281	higher_is_better	descriptive_post_test_no_population_inference
global_top_N520	test_patch_proxy	queued_role_qualified_weed_instance_recall	2	0.26901137874981523	0.2574257425742574	0.2805970149253731	higher_is_better	descriptive_post_test_no_population_inference
global_top_N520	test_patch_proxy	one_to_one_role_qualified_recall	2	0.1864651283891715	0.1838755304101838	0.1890547263681592	higher_is_better	descriptive_post_test_no_population_inference
global_top_N520	test_patch_proxy	crop_overlap_scene_frequency_0.10	2	0.4230769230769231	0.5384615384615384	0.3076923076923077	lower_is_better	descriptive_post_test_no_population_inference
validation_score_threshold_transferred	test_patch_proxy	all_candidate_queue_precision	2	0.8136520932757334	0.7932960893854749	0.8340080971659919	higher_is_better	descriptive_post_test_no_population_inference
validation_score_threshold_transferred	test_patch_proxy	queued_spatial_weed_instance_recall	2	0.28134645021005295	0.2701555869872701	0.2925373134328358	higher_is_better	descriptive_post_test_no_population_inference
validation_score_threshold_transferred	test_patch_proxy	queued_role_qualified_weed_instance_recall	2	0.24407805386082315	0.2234794908062234	0.2646766169154229	higher_is_better	descriptive_post_test_no_population_inference
validation_score_threshold_transferred	test_patch_proxy	one_to_one_role_qualified_recall	2	0.1675554335817377	0.157001414427157	0.1781094527363184	higher_is_better	descriptive_post_test_no_population_inference
validation_score_threshold_transferred	test_patch_proxy	crop_overlap_scene_frequency_0.10	2	0.26923076923076916	0.3846153846153846	0.1538461538461538	lower_is_better	descriptive_post_test_no_population_inference
