model	seed	file	date	weed_instances	crop_instances	candidates	accepted_candidates	eligible_weed_candidates	all_candidate_precision	many_to_one_spatial_recalled	many_to_one_role_qualified_recalled	one_to_one_role_qualified_recalled	crop_overlap_scene	maximum_crop_fraction
deeplabv3plus	20260820	2023-05-25_0109	2023-05-25	17	5	17	17	1	0.058823529411764705	5	1	1	1	0.669683257918552
deeplabv3plus	20260820	2023-05-25_0114	2023-05-25	17	11	20	20	6	0.3	6	5	5	1	0.9230769230769231
deeplabv3plus	20260820	2023-05-25_0170	2023-05-25	16	10	20	20	2	0.1	2	1	1	1	0.795774647887324
deeplabv3plus	20260820	2023-05-25_0183	2023-05-25	9	10	17	17	2	0.11764705882352941	3	2	2	1	0.7236180904522613
deeplabv3plus	20260820	2023-05-25_0681	2023-05-25	69	25	40	20	10	0.5	16	11	10	1	0.6883116883116883
deeplabv3plus	20260820	2023-05-25_0685	2023-05-25	114	23	57	20	19	0.95	23	22	19	0	0.0
deeplabv3plus	20260820	2023-05-25_0750	2023-05-25	74	13	30	20	11	0.55	13	11	10	1	0.7545126353790613
deeplabv3plus	20260820	2023-05-25_0786	2023-05-25	76	25	47	20	15	0.75	18	13	13	1	0.029850746268656716
deeplabv3plus	20260820	2023-05-30_0039	2023-05-30	43	0	27	20	9	0.45	17	7	7	0	0.0
deeplabv3plus	20260820	2023-05-30_0044	2023-05-30	46	11	50	20	15	0.75	17	14	14	0	0.0
deeplabv3plus	20260820	2023-05-30_0099	2023-05-30	52	1	45	20	14	0.7	12	10	10	0	0.0
deeplabv3plus	20260820	2023-05-30_0114	2023-05-30	35	5	35	20	9	0.45	18	10	9	0	0.0
deeplabv3plus	20260820	2023-05-30_0649	2023-05-30	93	6	77	20	20	1.0	24	24	20	0	0.0
deeplabv3plus	20260820	2023-05-30_0652	2023-05-30	55	5	46	20	16	0.8	21	20	16	0	0.0
deeplabv3plus	20260820	2023-05-30_0720	2023-05-30	49	13	55	20	20	1.0	24	24	20	0	0.0
deeplabv3plus	20260820	2023-05-30_0750	2023-05-30	67	14	64	20	20	1.0	23	23	20	0	0.0
deeplabv3plus	20260820	2023-06-06_0161	2023-06-06	101	10	89	20	20	1.0	20	20	17	0	0.0
deeplabv3plus	20260820	2023-06-06_0166	2023-06-06	76	0	77	20	11	0.55	23	14	11	0	0.0
deeplabv3plus	20260820	2023-06-06_0176	2023-06-06	150	7	96	20	17	0.85	21	20	17	0	0.0
deeplabv3plus	20260820	2023-06-06_0231	2023-06-06	65	8	59	20	17	0.85	20	18	16	0	0.0
deeplabv3plus	20260820	2023-06-06_0667	2023-06-06	95	11	49	20	17	0.85	24	24	17	0	0.0
deeplabv3plus	20260820	2023-06-06_0670	2023-06-06	96	11	57	20	19	0.95	32	32	19	0	0.0
deeplabv3plus	20260820	2023-06-06_0736	2023-06-06	69	11	41	20	20	1.0	34	34	19	0	0.0
deeplabv3plus	20260820	2023-06-06_0770	2023-06-06	74	10	53	20	20	1.0	26	26	20	0	0.0
deeplabv3plus	20260820	2023-06-15_0169	2023-06-15	80	4	32	20	16	0.8	27	27	16	0	0.0
deeplabv3plus	20260820	2023-06-15_0735	2023-06-15	74	7	28	20	6	0.3	4	4	4	0	0.0
deeplabv3plus	20260821	2023-05-25_0109	2023-05-25	17	5	13	13	1	0.07692307692307693	4	0	0	1	0.7628865979381443
deeplabv3plus	20260821	2023-05-25_0114	2023-05-25	17	11	20	20	8	0.4	6	6	6	1	0.8490566037735849
deeplabv3plus	20260821	2023-05-25_0170	2023-05-25	16	10	21	20	2	0.1	1	1	1	1	0.7393617021276596
deeplabv3plus	20260821	2023-05-25_0183	2023-05-25	9	10	17	17	3	0.17647058823529413	3	3	3	1	0.7285714285714285
deeplabv3plus	20260821	2023-05-25_0681	2023-05-25	69	25	39	20	11	0.55	13	9	8	1	0.6891891891891891
deeplabv3plus	20260821	2023-05-25_0685	2023-05-25	114	23	57	20	17	0.85	20	19	17	0	0.0
deeplabv3plus	20260821	2023-05-25_0750	2023-05-25	74	13	30	20	12	0.6	11	10	9	1	0.8376623376623377
deeplabv3plus	20260821	2023-05-25_0786	2023-05-25	76	25	47	20	17	0.85	17	15	15	0	0.0
deeplabv3plus	20260821	2023-05-30_0039	2023-05-30	43	0	35	20	5	0.25	16	5	5	0	0.0
deeplabv3plus	20260821	2023-05-30_0044	2023-05-30	46	11	51	20	15	0.75	17	14	14	0	0.0
deeplabv3plus	20260821	2023-05-30_0099	2023-05-30	52	1	45	20	16	0.8	16	14	14	0	0.0
deeplabv3plus	20260821	2023-05-30_0114	2023-05-30	35	5	35	20	13	0.65	16	12	11	0	0.0
deeplabv3plus	20260821	2023-05-30_0649	2023-05-30	93	6	78	20	20	1.0	23	23	19	0	0.0
deeplabv3plus	20260821	2023-05-30_0652	2023-05-30	55	5	45	20	18	0.9	19	19	17	0	0.0
deeplabv3plus	20260821	2023-05-30_0720	2023-05-30	49	13	53	20	19	0.95	24	24	19	0	0.0
deeplabv3plus	20260821	2023-05-30_0750	2023-05-30	67	14	66	20	20	1.0	22	22	20	0	0.0
deeplabv3plus	20260821	2023-06-06_0161	2023-06-06	101	10	82	20	19	0.95	24	23	17	0	0.0
deeplabv3plus	20260821	2023-06-06_0166	2023-06-06	76	0	81	20	11	0.55	15	10	10	0	0.0
deeplabv3plus	20260821	2023-06-06_0176	2023-06-06	150	7	95	20	17	0.85	24	21	17	0	0.0
deeplabv3plus	20260821	2023-06-06_0231	2023-06-06	65	8	59	20	15	0.75	24	20	14	0	0.0
deeplabv3plus	20260821	2023-06-06_0667	2023-06-06	95	11	48	20	17	0.85	25	24	17	0	0.0
deeplabv3plus	20260821	2023-06-06_0670	2023-06-06	96	11	57	20	19	0.95	29	29	19	0	0.0
deeplabv3plus	20260821	2023-06-06_0736	2023-06-06	69	11	42	20	19	0.95	29	29	18	0	0.0
deeplabv3plus	20260821	2023-06-06_0770	2023-06-06	74	10	52	20	20	1.0	27	27	20	0	0.0
deeplabv3plus	20260821	2023-06-15_0169	2023-06-15	80	4	38	20	13	0.65	17	17	12	0	0.0
deeplabv3plus	20260821	2023-06-15_0735	2023-06-15	74	7	37	20	3	0.15	1	1	1	0	0.0
deeplabv3plus	20260822	2023-05-25_0109	2023-05-25	17	5	18	18	2	0.1111111111111111	3	2	2	1	0.7365853658536585
deeplabv3plus	20260822	2023-05-25_0114	2023-05-25	17	11	21	20	5	0.25	5	4	4	1	1.0
deeplabv3plus	20260822	2023-05-25_0170	2023-05-25	16	10	21	20	1	0.05	2	1	1	1	0.8053691275167785
deeplabv3plus	20260822	2023-05-25_0183	2023-05-25	9	10	15	15	3	0.2	3	3	3	1	0.7687861271676301
deeplabv3plus	20260822	2023-05-25_0681	2023-05-25	69	25	42	20	14	0.7	16	14	14	1	0.7172774869109948
deeplabv3plus	20260822	2023-05-25_0685	2023-05-25	114	23	50	20	17	0.85	20	18	17	0	0.0
deeplabv3plus	20260822	2023-05-25_0750	2023-05-25	74	13	29	20	12	0.6	12	9	8	1	0.8333333333333334
deeplabv3plus	20260822	2023-05-25_0786	2023-05-25	76	25	52	20	19	0.95	15	14	14	0	0.0
deeplabv3plus	20260822	2023-05-30_0039	2023-05-30	43	0	32	20	8	0.4	15	9	8	0	0.0
deeplabv3plus	20260822	2023-05-30_0044	2023-05-30	46	11	53	20	15	0.75	19	15	15	0	0.0
deeplabv3plus	20260822	2023-05-30_0099	2023-05-30	52	1	46	20	14	0.7	19	14	14	0	0.0
deeplabv3plus	20260822	2023-05-30_0114	2023-05-30	35	5	36	20	9	0.45	15	9	8	0	0.0
deeplabv3plus	20260822	2023-05-30_0649	2023-05-30	93	6	76	20	19	0.95	22	22	19	0	0.0
deeplabv3plus	20260822	2023-05-30_0652	2023-05-30	55	5	45	20	18	0.9	22	22	18	0	0.0
deeplabv3plus	20260822	2023-05-30_0720	2023-05-30	49	13	54	20	19	0.95	24	24	19	0	0.0
deeplabv3plus	20260822	2023-05-30_0750	2023-05-30	67	14	65	20	19	0.95	25	24	19	0	0.0
deeplabv3plus	20260822	2023-06-06_0161	2023-06-06	101	10	86	20	19	0.95	26	25	17	0	0.0
deeplabv3plus	20260822	2023-06-06_0166	2023-06-06	76	0	82	20	11	0.55	15	11	11	0	0.0
deeplabv3plus	20260822	2023-06-06_0176	2023-06-06	150	7	98	20	17	0.85	30	25	17	0	0.0
deeplabv3plus	20260822	2023-06-06_0231	2023-06-06	65	8	60	20	15	0.75	23	19	15	0	0.0
deeplabv3plus	20260822	2023-06-06_0667	2023-06-06	95	11	50	20	18	0.9	25	25	18	0	0.0
deeplabv3plus	20260822	2023-06-06_0670	2023-06-06	96	11	54	20	19	0.95	34	34	19	0	0.0
deeplabv3plus	20260822	2023-06-06_0736	2023-06-06	69	11	39	20	20	1.0	33	33	18	0	0.0
deeplabv3plus	20260822	2023-06-06_0770	2023-06-06	74	10	51	20	20	1.0	28	28	20	0	0.0
deeplabv3plus	20260822	2023-06-15_0169	2023-06-15	80	4	34	20	13	0.65	23	23	12	0	0.0
deeplabv3plus	20260822	2023-06-15_0735	2023-06-15	74	7	30	20	2	0.1	2	2	2	0	0.0
maskrcnn	20260820	2023-05-25_0109	2023-05-25	17	5	72	20	1	0.05	3	1	1	1	0.7368421052631579
maskrcnn	20260820	2023-05-25_0114	2023-05-25	17	11	67	20	7	0.35	5	5	5	0	0.0
maskrcnn	20260820	2023-05-25_0170	2023-05-25	16	10	87	20	4	0.2	5	3	3	1	0.5957446808510638
maskrcnn	20260820	2023-05-25_0183	2023-05-25	9	10	83	20	4	0.2	3	2	2	0	0.0
maskrcnn	20260820	2023-05-25_0681	2023-05-25	69	25	88	20	17	0.85	13	13	13	0	0.0
maskrcnn	20260820	2023-05-25_0685	2023-05-25	114	23	100	20	15	0.75	15	13	13	0	0.0
maskrcnn	20260820	2023-05-25_0750	2023-05-25	74	13	80	20	14	0.7	15	13	13	0	0.0
maskrcnn	20260820	2023-05-25_0786	2023-05-25	76	25	88	20	18	0.9	16	15	15	1	0.9351851851851852
maskrcnn	20260820	2023-05-30_0039	2023-05-30	43	0	75	20	9	0.45	16	7	7	0	0.0
maskrcnn	20260820	2023-05-30_0044	2023-05-30	46	11	72	20	15	0.75	15	12	12	0	0.0
maskrcnn	20260820	2023-05-30_0099	2023-05-30	52	1	79	20	18	0.9	17	17	17	0	0.0
maskrcnn	20260820	2023-05-30_0114	2023-05-30	35	5	70	20	15	0.75	17	15	14	0	0.0
maskrcnn	20260820	2023-05-30_0649	2023-05-30	93	6	91	20	20	1.0	24	24	20	0	0.0
maskrcnn	20260820	2023-05-30_0652	2023-05-30	55	5	61	20	20	1.0	24	24	20	0	0.0
maskrcnn	20260820	2023-05-30_0720	2023-05-30	49	13	74	20	20	1.0	19	19	19	0	0.0
maskrcnn	20260820	2023-05-30_0750	2023-05-30	67	14	83	20	20	1.0	21	21	20	0	0.0
maskrcnn	20260820	2023-06-06_0161	2023-06-06	101	10	91	20	20	1.0	22	22	19	0	0.0
maskrcnn	20260820	2023-06-06_0166	2023-06-06	76	0	100	20	20	1.0	19	19	17	0	0.0
maskrcnn	20260820	2023-06-06_0176	2023-06-06	150	7	100	20	20	1.0	20	20	19	1	0.0028328611898017
maskrcnn	20260820	2023-06-06_0231	2023-06-06	65	8	77	20	19	0.95	20	20	19	0	0.0
maskrcnn	20260820	2023-06-06_0667	2023-06-06	95	11	100	20	20	1.0	20	20	20	0	0.0
maskrcnn	20260820	2023-06-06_0670	2023-06-06	96	11	99	20	20	1.0	21	21	20	1	0.028259991925716592
maskrcnn	20260820	2023-06-06_0736	2023-06-06	69	11	100	20	20	1.0	20	20	20	0	0.0
maskrcnn	20260820	2023-06-06_0770	2023-06-06	74	10	89	20	20	1.0	21	21	20	0	0.0
maskrcnn	20260820	2023-06-15_0169	2023-06-15	80	4	100	20	20	1.0	14	14	14	0	0.0
maskrcnn	20260820	2023-06-15_0735	2023-06-15	74	7	100	20	20	1.0	15	15	15	1	0.021019442984760904
maskrcnn	20260821	2023-05-25_0109	2023-05-25	17	5	68	20	2	0.1	4	2	2	1	0.6615384615384615
maskrcnn	20260821	2023-05-25_0114	2023-05-25	17	11	66	20	10	0.5	6	6	6	0	0.0
maskrcnn	20260821	2023-05-25_0170	2023-05-25	16	10	83	20	2	0.1	4	2	2	0	0.0
maskrcnn	20260821	2023-05-25_0183	2023-05-25	9	10	64	20	4	0.2	3	3	3	0	0.0
maskrcnn	20260821	2023-05-25_0681	2023-05-25	69	25	95	20	12	0.6	13	12	12	1	0.875
maskrcnn	20260821	2023-05-25_0685	2023-05-25	114	23	100	20	17	0.85	14	14	14	0	0.0
maskrcnn	20260821	2023-05-25_0750	2023-05-25	74	13	75	20	13	0.65	12	10	10	0	0.0
maskrcnn	20260821	2023-05-25_0786	2023-05-25	76	25	80	20	17	0.85	15	14	14	0	0.0
maskrcnn	20260821	2023-05-30_0039	2023-05-30	43	0	91	20	11	0.55	14	9	8	0	0.0
maskrcnn	20260821	2023-05-30_0044	2023-05-30	46	11	61	20	16	0.8	14	13	13	0	0.0
maskrcnn	20260821	2023-05-30_0099	2023-05-30	52	1	78	20	18	0.9	14	13	13	0	0.0
maskrcnn	20260821	2023-05-30_0114	2023-05-30	35	5	69	20	15	0.75	16	15	14	0	0.0
maskrcnn	20260821	2023-05-30_0649	2023-05-30	93	6	100	20	20	1.0	23	23	20	0	0.0
maskrcnn	20260821	2023-05-30_0652	2023-05-30	55	5	69	20	20	1.0	21	21	19	0	0.0
maskrcnn	20260821	2023-05-30_0720	2023-05-30	49	13	68	20	18	0.9	20	19	18	0	0.0
maskrcnn	20260821	2023-05-30_0750	2023-05-30	67	14	85	20	19	0.95	20	20	19	0	0.0
maskrcnn	20260821	2023-06-06_0161	2023-06-06	101	10	95	20	20	1.0	23	23	20	0	0.0
maskrcnn	20260821	2023-06-06_0166	2023-06-06	76	0	100	20	20	1.0	18	18	17	0	0.0
maskrcnn	20260821	2023-06-06_0176	2023-06-06	150	7	100	20	20	1.0	21	21	20	1	0.018666666666666668
maskrcnn	20260821	2023-06-06_0231	2023-06-06	65	8	81	20	19	0.95	23	20	19	1	0.11772151898734177
maskrcnn	20260821	2023-06-06_0667	2023-06-06	95	11	100	20	20	1.0	21	21	20	0	0.0
maskrcnn	20260821	2023-06-06_0670	2023-06-06	96	11	99	20	20	1.0	22	22	20	0	0.0
maskrcnn	20260821	2023-06-06_0736	2023-06-06	69	11	97	20	20	1.0	22	22	20	0	0.0
maskrcnn	20260821	2023-06-06_0770	2023-06-06	74	10	100	20	20	1.0	21	21	20	0	0.0
maskrcnn	20260821	2023-06-15_0169	2023-06-15	80	4	100	20	20	1.0	12	12	12	0	0.0
maskrcnn	20260821	2023-06-15_0735	2023-06-15	74	7	100	20	20	1.0	10	10	10	0	0.0
maskrcnn	20260822	2023-05-25_0109	2023-05-25	17	5	74	20	2	0.1	1	1	1	1	0.55
maskrcnn	20260822	2023-05-25_0114	2023-05-25	17	11	63	20	10	0.5	6	6	6	1	0.9767441860465116
maskrcnn	20260822	2023-05-25_0170	2023-05-25	16	10	73	20	2	0.1	4	2	2	1	0.5609756097560976
maskrcnn	20260822	2023-05-25_0183	2023-05-25	9	10	57	20	4	0.2	3	2	2	0	0.0
maskrcnn	20260822	2023-05-25_0681	2023-05-25	69	25	78	20	12	0.6	15	11	11	1	0.7184466019417476
maskrcnn	20260822	2023-05-25_0685	2023-05-25	114	23	98	20	14	0.7	17	14	12	0	0.0
maskrcnn	20260822	2023-05-25_0750	2023-05-25	74	13	83	20	13	0.65	13	11	11	0	0.0
maskrcnn	20260822	2023-05-25_0786	2023-05-25	76	25	73	20	14	0.7	19	13	13	1	0.03773584905660377
maskrcnn	20260822	2023-05-30_0039	2023-05-30	43	0	71	20	9	0.45	14	8	8	0	0.0
maskrcnn	20260822	2023-05-30_0044	2023-05-30	46	11	65	20	14	0.7	18	14	14	0	0.0
maskrcnn	20260822	2023-05-30_0099	2023-05-30	52	1	77	20	18	0.9	16	16	16	0	0.0
maskrcnn	20260822	2023-05-30_0114	2023-05-30	35	5	56	20	15	0.75	16	13	13	0	0.0
maskrcnn	20260822	2023-05-30_0649	2023-05-30	93	6	96	20	20	1.0	22	22	20	0	0.0
maskrcnn	20260822	2023-05-30_0652	2023-05-30	55	5	69	20	19	0.95	20	19	19	0	0.0
maskrcnn	20260822	2023-05-30_0720	2023-05-30	49	13	67	20	19	0.95	20	19	19	0	0.0
maskrcnn	20260822	2023-05-30_0750	2023-05-30	67	14	87	20	20	1.0	20	20	20	0	0.0
maskrcnn	20260822	2023-06-06_0161	2023-06-06	101	10	88	20	20	1.0	23	23	20	0	0.0
maskrcnn	20260822	2023-06-06_0166	2023-06-06	76	0	100	20	19	0.95	19	18	18	0	0.0
maskrcnn	20260822	2023-06-06_0176	2023-06-06	150	7	100	20	20	1.0	20	20	20	1	0.008522727272727272
maskrcnn	20260822	2023-06-06_0231	2023-06-06	65	8	87	20	20	1.0	21	21	20	0	0.0
maskrcnn	20260822	2023-06-06_0667	2023-06-06	95	11	100	20	20	1.0	20	20	20	0	0.0
maskrcnn	20260822	2023-06-06_0670	2023-06-06	96	11	94	20	20	1.0	22	22	20	0	0.0
maskrcnn	20260822	2023-06-06_0736	2023-06-06	69	11	95	20	19	0.95	20	19	19	1	0.13489208633093525
maskrcnn	20260822	2023-06-06_0770	2023-06-06	74	10	92	20	19	0.95	21	20	19	1	0.10989010989010989
maskrcnn	20260822	2023-06-15_0169	2023-06-15	80	4	100	20	20	1.0	10	10	10	0	0.0
maskrcnn	20260822	2023-06-15_0735	2023-06-15	74	7	100	20	20	1.0	14	14	14	0	0.0
unet	20260810	2023-05-25_0109	2023-05-25	17	5	12	12	1	0.08333333333333333	4	1	1	1	0.7743589743589744
unet	20260810	2023-05-25_0114	2023-05-25	17	11	23	20	7	0.35	5	5	5	1	0.9166666666666666
unet	20260810	2023-05-25_0170	2023-05-25	16	10	23	20	1	0.05	3	1	1	1	0.8391608391608392
unet	20260810	2023-05-25_0183	2023-05-25	9	10	17	17	2	0.11764705882352941	3	2	2	1	0.8601398601398601
unet	20260810	2023-05-25_0681	2023-05-25	69	25	35	20	8	0.4	8	7	7	1	0.8125
unet	20260810	2023-05-25_0685	2023-05-25	114	23	44	20	17	0.85	21	20	17	0	0.0
unet	20260810	2023-05-25_0750	2023-05-25	74	13	21	20	7	0.35	9	8	7	1	0.963302752293578
unet	20260810	2023-05-25_0786	2023-05-25	76	25	44	20	12	0.6	15	11	11	1	0.6066350710900474
unet	20260810	2023-05-30_0039	2023-05-30	43	0	33	20	6	0.3	19	6	6	0	0.0
unet	20260810	2023-05-30_0044	2023-05-30	46	11	55	20	18	0.9	19	18	18	0	0.0
unet	20260810	2023-05-30_0099	2023-05-30	52	1	43	20	17	0.85	18	17	17	0	0.0
unet	20260810	2023-05-30_0114	2023-05-30	35	5	35	20	13	0.65	16	13	12	0	0.0
unet	20260810	2023-05-30_0649	2023-05-30	93	6	79	20	20	1.0	26	26	20	0	0.0
unet	20260810	2023-05-30_0652	2023-05-30	55	5	43	20	19	0.95	21	21	19	0	0.0
unet	20260810	2023-05-30_0720	2023-05-30	49	13	51	20	20	1.0	25	25	20	0	0.0
unet	20260810	2023-05-30_0750	2023-05-30	67	14	66	20	20	1.0	22	22	20	0	0.0
unet	20260810	2023-06-06_0161	2023-06-06	101	10	84	20	20	1.0	24	24	20	0	0.0
unet	20260810	2023-06-06_0166	2023-06-06	76	0	83	20	18	0.9	25	23	18	0	0.0
unet	20260810	2023-06-06_0176	2023-06-06	150	7	107	20	19	0.95	24	23	19	0	0.0
unet	20260810	2023-06-06_0231	2023-06-06	65	8	62	20	18	0.9	24	23	18	0	0.0
unet	20260810	2023-06-06_0667	2023-06-06	95	11	53	20	19	0.95	24	23	19	0	0.0
unet	20260810	2023-06-06_0670	2023-06-06	96	11	62	20	19	0.95	30	30	19	0	0.0
unet	20260810	2023-06-06_0736	2023-06-06	69	11	44	20	20	1.0	24	24	19	0	0.0
unet	20260810	2023-06-06_0770	2023-06-06	74	10	54	20	20	1.0	23	23	20	0	0.0
unet	20260810	2023-06-15_0169	2023-06-15	80	4	35	20	16	0.8	27	27	14	0	0.0
unet	20260810	2023-06-15_0735	2023-06-15	74	7	28	20	5	0.25	4	4	4	0	0.0
unet	20260811	2023-05-25_0109	2023-05-25	17	5	13	13	1	0.07692307692307693	4	1	1	1	0.8111111111111111
unet	20260811	2023-05-25_0114	2023-05-25	17	11	22	20	7	0.35	6	6	6	1	1.0
unet	20260811	2023-05-25_0170	2023-05-25	16	10	16	16	1	0.0625	1	1	1	1	0.8195488721804511
unet	20260811	2023-05-25_0183	2023-05-25	9	10	16	16	2	0.125	3	2	2	1	0.8502994011976048
unet	20260811	2023-05-25_0681	2023-05-25	69	25	32	20	4	0.2	4	2	2	1	0.8571428571428571
unet	20260811	2023-05-25_0685	2023-05-25	114	23	36	20	10	0.5	12	11	8	1	0.8173913043478261
unet	20260811	2023-05-25_0750	2023-05-25	74	13	24	20	10	0.5	9	8	8	1	1.0
unet	20260811	2023-05-25_0786	2023-05-25	76	25	37	20	13	0.65	12	12	12	1	0.9096045197740112
unet	20260811	2023-05-30_0039	2023-05-30	43	0	26	20	11	0.55	19	10	10	0	0.0
unet	20260811	2023-05-30_0044	2023-05-30	46	11	46	20	17	0.85	18	16	16	0	0.0
unet	20260811	2023-05-30_0099	2023-05-30	52	1	40	20	19	0.95	18	17	17	0	0.0
unet	20260811	2023-05-30_0114	2023-05-30	35	5	35	20	13	0.65	16	11	10	0	0.0
unet	20260811	2023-05-30_0649	2023-05-30	93	6	86	20	19	0.95	21	21	17	0	0.0
unet	20260811	2023-05-30_0652	2023-05-30	55	5	46	20	20	1.0	21	21	18	0	0.0
unet	20260811	2023-05-30_0720	2023-05-30	49	13	52	20	20	1.0	24	24	20	0	0.0
unet	20260811	2023-05-30_0750	2023-05-30	67	14	62	20	20	1.0	23	23	20	0	0.0
unet	20260811	2023-06-06_0161	2023-06-06	101	10	83	20	20	1.0	26	26	20	0	0.0
unet	20260811	2023-06-06_0166	2023-06-06	76	0	77	20	19	0.95	24	24	19	0	0.0
unet	20260811	2023-06-06_0176	2023-06-06	150	7	102	20	20	1.0	28	28	20	0	0.0
unet	20260811	2023-06-06_0231	2023-06-06	65	8	61	20	18	0.9	21	20	18	0	0.0
unet	20260811	2023-06-06_0667	2023-06-06	95	11	51	20	19	0.95	27	26	19	0	0.0
unet	20260811	2023-06-06_0670	2023-06-06	96	11	61	20	20	1.0	30	30	20	0	0.0
unet	20260811	2023-06-06_0736	2023-06-06	69	11	46	20	20	1.0	33	33	19	0	0.0
unet	20260811	2023-06-06_0770	2023-06-06	74	10	57	20	20	1.0	23	23	20	0	0.0
unet	20260811	2023-06-15_0169	2023-06-15	80	4	33	20	17	0.85	25	25	15	0	0.0
unet	20260811	2023-06-15_0735	2023-06-15	74	7	28	20	6	0.3	3	3	3	0	0.0
unet	20260812	2023-05-25_0109	2023-05-25	17	5	21	20	1	0.05	5	1	1	1	0.6153846153846154
unet	20260812	2023-05-25_0114	2023-05-25	17	11	30	20	6	0.3	7	6	6	1	1.0
unet	20260812	2023-05-25_0170	2023-05-25	16	10	25	20	2	0.1	4	2	2	1	0.7705882352941177
unet	20260812	2023-05-25_0183	2023-05-25	9	10	19	19	2	0.10526315789473684	3	2	2	1	0.7810945273631841
unet	20260812	2023-05-25_0681	2023-05-25	69	25	39	20	11	0.55	12	11	11	1	0.7475728155339806
unet	20260812	2023-05-25_0685	2023-05-25	114	23	77	20	18	0.9	21	21	18	0	0.0
unet	20260812	2023-05-25_0750	2023-05-25	74	13	35	20	13	0.65	16	12	11	0	0.0
unet	20260812	2023-05-25_0786	2023-05-25	76	25	55	20	14	0.7	16	13	13	1	0.022222222222222223
unet	20260812	2023-05-30_0039	2023-05-30	43	0	44	20	7	0.35	14	6	6	0	0.0
unet	20260812	2023-05-30_0044	2023-05-30	46	11	58	20	14	0.7	19	14	14	0	0.0
unet	20260812	2023-05-30_0099	2023-05-30	52	1	49	20	16	0.8	19	16	16	0	0.0
unet	20260812	2023-05-30_0114	2023-05-30	35	5	42	20	12	0.6	19	14	12	0	0.0
unet	20260812	2023-05-30_0649	2023-05-30	93	6	86	20	20	1.0	24	24	20	0	0.0
unet	20260812	2023-05-30_0652	2023-05-30	55	5	47	20	19	0.95	23	23	19	0	0.0
unet	20260812	2023-05-30_0720	2023-05-30	49	13	57	20	20	1.0	24	24	20	0	0.0
unet	20260812	2023-05-30_0750	2023-05-30	67	14	74	20	20	1.0	22	22	20	0	0.0
unet	20260812	2023-06-06_0161	2023-06-06	101	10	83	20	20	1.0	21	21	19	0	0.0
unet	20260812	2023-06-06_0166	2023-06-06	76	0	88	20	14	0.7	16	14	14	0	0.0
unet	20260812	2023-06-06_0176	2023-06-06	150	7	107	20	19	0.95	23	22	19	0	0.0
unet	20260812	2023-06-06_0231	2023-06-06	65	8	65	20	15	0.75	20	17	15	0	0.0
unet	20260812	2023-06-06_0667	2023-06-06	95	11	52	20	19	0.95	20	19	19	0	0.0
unet	20260812	2023-06-06_0670	2023-06-06	96	11	63	20	19	0.95	19	19	18	0	0.0
unet	20260812	2023-06-06_0736	2023-06-06	69	11	44	20	20	1.0	20	20	18	0	0.0
unet	20260812	2023-06-06_0770	2023-06-06	74	10	56	20	20	1.0	23	23	20	0	0.0
unet	20260812	2023-06-15_0169	2023-06-15	80	4	38	20	14	0.7	20	20	13	0	0.0
unet	20260812	2023-06-15_0735	2023-06-15	74	7	51	20	2	0.1	2	2	2	0	0.0
unet	20260813	2023-05-25_0109	2023-05-25	17	5	15	15	1	0.06666666666666667	5	1	1	1	0.7339449541284404
unet	20260813	2023-05-25_0114	2023-05-25	17	11	22	20	7	0.35	6	6	6	1	1.0
unet	20260813	2023-05-25_0170	2023-05-25	16	10	18	18	2	0.1111111111111111	2	1	1	1	0.8289473684210527
unet	20260813	2023-05-25_0183	2023-05-25	9	10	17	17	2	0.11764705882352941	3	2	2	1	0.7276995305164319
unet	20260813	2023-05-25_0681	2023-05-25	69	25	37	20	9	0.45	12	9	9	1	0.7241379310344828
unet	20260813	2023-05-25_0685	2023-05-25	114	23	46	20	20	1.0	21	21	19	0	0.0
unet	20260813	2023-05-25_0750	2023-05-25	74	13	28	20	12	0.6	11	9	9	1	0.7805755395683454
unet	20260813	2023-05-25_0786	2023-05-25	76	25	46	20	17	0.85	13	13	13	0	0.0
unet	20260813	2023-05-30_0039	2023-05-30	43	0	29	20	8	0.4	16	7	7	0	0.0
unet	20260813	2023-05-30_0044	2023-05-30	46	11	53	20	16	0.8	19	16	16	0	0.0
unet	20260813	2023-05-30_0099	2023-05-30	52	1	48	20	18	0.9	17	16	16	0	0.0
unet	20260813	2023-05-30_0114	2023-05-30	35	5	37	20	12	0.6	15	12	11	0	0.0
unet	20260813	2023-05-30_0649	2023-05-30	93	6	78	20	19	0.95	26	25	19	0	0.0
unet	20260813	2023-05-30_0652	2023-05-30	55	5	52	20	19	0.95	23	23	19	0	0.0
unet	20260813	2023-05-30_0720	2023-05-30	49	13	53	20	20	1.0	25	25	20	0	0.0
unet	20260813	2023-05-30_0750	2023-05-30	67	14	66	20	20	1.0	22	22	20	0	0.0
unet	20260813	2023-06-06_0161	2023-06-06	101	10	83	20	20	1.0	28	28	20	0	0.0
unet	20260813	2023-06-06_0166	2023-06-06	76	0	83	20	19	0.95	30	30	18	0	0.0
unet	20260813	2023-06-06_0176	2023-06-06	150	7	105	20	19	0.95	28	27	19	0	0.0
unet	20260813	2023-06-06_0231	2023-06-06	65	8	63	20	17	0.85	23	22	17	0	0.0
unet	20260813	2023-06-06_0667	2023-06-06	95	11	52	20	20	1.0	25	25	20	0	0.0
unet	20260813	2023-06-06_0670	2023-06-06	96	11	62	20	20	1.0	36	36	20	0	0.0
unet	20260813	2023-06-06_0736	2023-06-06	69	11	47	20	20	1.0	42	42	18	0	0.0
unet	20260813	2023-06-06_0770	2023-06-06	74	10	58	20	20	1.0	31	31	20	0	0.0
unet	20260813	2023-06-15_0169	2023-06-15	80	4	42	20	18	0.9	32	32	15	0	0.0
unet	20260813	2023-06-15_0735	2023-06-15	74	7	27	20	11	0.55	4	4	4	0	0.0
unet	20260814	2023-05-25_0109	2023-05-25	17	5	16	16	2	0.125	5	2	2	1	0.8588235294117647
unet	20260814	2023-05-25_0114	2023-05-25	17	11	27	20	6	0.3	6	5	5	1	0.9166666666666666
unet	20260814	2023-05-25_0170	2023-05-25	16	10	26	20	2	0.1	3	1	1	1	0.7770700636942676
unet	20260814	2023-05-25_0183	2023-05-25	9	10	20	20	2	0.1	3	2	2	1	0.8300653594771242
unet	20260814	2023-05-25_0681	2023-05-25	69	25	38	20	11	0.55	12	10	10	1	0.8
unet	20260814	2023-05-25_0685	2023-05-25	114	23	53	20	13	0.65	14	14	12	0	0.0
unet	20260814	2023-05-25_0750	2023-05-25	74	13	33	20	14	0.7	13	10	9	0	0.0
unet	20260814	2023-05-25_0786	2023-05-25	76	25	45	20	17	0.85	15	14	14	0	0.0
unet	20260814	2023-05-30_0039	2023-05-30	43	0	34	20	8	0.4	13	8	8	0	0.0
unet	20260814	2023-05-30_0044	2023-05-30	46	11	58	20	11	0.55	16	11	11	0	0.0
unet	20260814	2023-05-30_0099	2023-05-30	52	1	52	20	15	0.75	17	14	14	0	0.0
unet	20260814	2023-05-30_0114	2023-05-30	35	5	39	20	10	0.5	13	9	8	0	0.0
unet	20260814	2023-05-30_0649	2023-05-30	93	6	89	20	20	1.0	22	22	18	0	0.0
unet	20260814	2023-05-30_0652	2023-05-30	55	5	48	20	18	0.9	19	19	17	0	0.0
unet	20260814	2023-05-30_0720	2023-05-30	49	13	53	20	19	0.95	21	21	19	0	0.0
unet	20260814	2023-05-30_0750	2023-05-30	67	14	71	20	20	1.0	22	22	20	0	0.0
unet	20260814	2023-06-06_0161	2023-06-06	101	10	86	20	20	1.0	26	26	20	0	0.0
unet	20260814	2023-06-06_0166	2023-06-06	76	0	86	20	16	0.8	20	19	16	0	0.0
unet	20260814	2023-06-06_0176	2023-06-06	150	7	109	20	20	1.0	22	22	20	0	0.0
unet	20260814	2023-06-06_0231	2023-06-06	65	8	66	20	17	0.85	23	21	17	0	0.0
unet	20260814	2023-06-06_0667	2023-06-06	95	11	51	20	19	0.95	24	23	19	0	0.0
unet	20260814	2023-06-06_0670	2023-06-06	96	11	66	20	19	0.95	25	25	18	0	0.0
unet	20260814	2023-06-06_0736	2023-06-06	69	11	47	20	20	1.0	19	19	17	0	0.0
unet	20260814	2023-06-06_0770	2023-06-06	74	10	62	20	20	1.0	24	24	20	0	0.0
unet	20260814	2023-06-15_0169	2023-06-15	80	4	45	20	16	0.8	21	21	12	0	0.0
unet	20260814	2023-06-15_0735	2023-06-15	74	7	37	20	8	0.4	5	5	5	0	0.0
