variant	setting	official_split	truth_role	minimum_instance_coverage	minimum_candidate_labeled_coverage	minimum_same_role_purity	truth_instances	recalled_instances	role_qualified_proposal_recall
original_T095_A032	T095_A032	train	crop	0.25	0.25	0.5	1461	1039	0.7111567419575633
original_T095_A032	T095_A032	train	weed	0.25	0.25	0.5	6509	1864	0.2863727147027193
original_T095_A032	T095_A032	train	crop	0.25	0.25	0.75	1461	951	0.6509240246406571
original_T095_A032	T095_A032	train	weed	0.25	0.25	0.75	6509	1796	0.2759256414195729
original_T095_A032	T095_A032	train	crop	0.25	0.25	0.9	1461	882	0.6036960985626283
original_T095_A032	T095_A032	train	weed	0.25	0.25	0.9	6509	1689	0.2594868643416807
original_T095_A032	T095_A032	train	crop	0.25	0.5	0.5	1461	989	0.676933607118412
original_T095_A032	T095_A032	train	weed	0.25	0.5	0.5	6509	1729	0.26563220156706097
original_T095_A032	T095_A032	train	crop	0.25	0.5	0.75	1461	902	0.6173853524982889
original_T095_A032	T095_A032	train	weed	0.25	0.5	0.75	6509	1661	0.2551851282839146
original_T095_A032	T095_A032	train	crop	0.25	0.5	0.9	1461	833	0.5701574264202601
original_T095_A032	T095_A032	train	weed	0.25	0.5	0.9	6509	1554	0.23874635120602242
original_T095_A032	T095_A032	train	crop	0.25	0.75	0.5	1461	585	0.4004106776180698
original_T095_A032	T095_A032	train	weed	0.25	0.75	0.5	6509	1199	0.18420648333077277
original_T095_A032	T095_A032	train	crop	0.25	0.75	0.75	1461	516	0.3531827515400411
original_T095_A032	T095_A032	train	weed	0.25	0.75	0.75	6509	1160	0.17821477953602705
original_T095_A032	T095_A032	train	crop	0.25	0.75	0.9	1461	478	0.3271731690622861
original_T095_A032	T095_A032	train	weed	0.25	0.75	0.9	6509	1134	0.1742203103395299
original_T095_A032	T095_A032	train	crop	0.5	0.25	0.5	1461	770	0.5270362765229295
original_T095_A032	T095_A032	train	weed	0.5	0.25	0.5	6509	1303	0.2001843601167614
original_T095_A032	T095_A032	train	crop	0.5	0.25	0.75	1461	692	0.4736481861738535
original_T095_A032	T095_A032	train	weed	0.5	0.25	0.75	6509	1249	0.19188815486249808
original_T095_A032	T095_A032	train	crop	0.5	0.25	0.9	1461	631	0.431895961670089
original_T095_A032	T095_A032	train	weed	0.5	0.25	0.9	6509	1153	0.1771393455215855
original_T095_A032	T095_A032	train	crop	0.5	0.5	0.5	1461	733	0.5017111567419575
original_T095_A032	T095_A032	train	weed	0.5	0.5	0.5	6509	1195	0.18359194960823474
original_T095_A032	T095_A032	train	crop	0.5	0.5	0.75	1461	656	0.4490075290896646
original_T095_A032	T095_A032	train	weed	0.5	0.5	0.75	6509	1141	0.1752957443539714
original_T095_A032	T095_A032	train	crop	0.5	0.5	0.9	1461	595	0.4072553045859001
original_T095_A032	T095_A032	train	weed	0.5	0.5	0.9	6509	1045	0.16054693501305883
original_T095_A032	T095_A032	train	crop	0.5	0.75	0.5	1461	410	0.2806297056810404
original_T095_A032	T095_A032	train	weed	0.5	0.75	0.5	6509	794	0.12198494392379781
original_T095_A032	T095_A032	train	crop	0.5	0.75	0.75	1461	351	0.2402464065708419
original_T095_A032	T095_A032	train	weed	0.5	0.75	0.75	6509	765	0.11752957443539715
original_T095_A032	T095_A032	train	crop	0.5	0.75	0.9	1461	319	0.21834360027378508
original_T095_A032	T095_A032	train	weed	0.5	0.75	0.9	6509	743	0.11414963896143801
original_T095_A032	T095_A032	train	crop	0.75	0.25	0.5	1461	448	0.3066392881587953
original_T095_A032	T095_A032	train	weed	0.75	0.25	0.5	6509	573	0.08803195575357198
original_T095_A032	T095_A032	train	crop	0.75	0.25	0.75	1461	394	0.26967830253251196
original_T095_A032	T095_A032	train	weed	0.75	0.25	0.75	6509	532	0.08173298509755723
original_T095_A032	T095_A032	train	crop	0.75	0.25	0.9	1461	353	0.24161533196440793
original_T095_A032	T095_A032	train	weed	0.75	0.25	0.9	6509	457	0.07021047779996928
original_T095_A032	T095_A032	train	crop	0.75	0.5	0.5	1461	426	0.2915811088295688
original_T095_A032	T095_A032	train	weed	0.75	0.5	0.5	6509	506	0.07773851590106007
original_T095_A032	T095_A032	train	crop	0.75	0.5	0.75	1461	373	0.25530458590006844
original_T095_A032	T095_A032	train	weed	0.75	0.5	0.75	6509	465	0.07143954524504532
original_T095_A032	T095_A032	train	crop	0.75	0.5	0.9	1461	332	0.2272416153319644
original_T095_A032	T095_A032	train	weed	0.75	0.5	0.9	6509	390	0.05991703794745737
original_T095_A032	T095_A032	train	crop	0.75	0.75	0.5	1461	212	0.14510609171800137
original_T095_A032	T095_A032	train	weed	0.75	0.75	0.5	6509	285	0.04378552773083423
original_T095_A032	T095_A032	train	crop	0.75	0.75	0.75	1461	170	0.1163586584531143
original_T095_A032	T095_A032	train	weed	0.75	0.75	0.75	6509	266	0.04086649254877862
original_T095_A032	T095_A032	train	crop	0.75	0.75	0.9	1461	148	0.10130047912388775
original_T095_A032	T095_A032	train	weed	0.75	0.75	0.9	6509	257	0.03948379167306806
original_T095_A032	T095_A032	val	crop	0.25	0.25	0.5	451	313	0.6940133037694013
original_T095_A032	T095_A032	val	weed	0.25	0.25	0.5	1808	478	0.2643805309734513
original_T095_A032	T095_A032	val	crop	0.25	0.25	0.75	451	278	0.6164079822616408
original_T095_A032	T095_A032	val	weed	0.25	0.25	0.75	1808	461	0.2549778761061947
original_T095_A032	T095_A032	val	crop	0.25	0.25	0.9	451	249	0.5521064301552107
original_T095_A032	T095_A032	val	weed	0.25	0.25	0.9	1808	457	0.25276548672566373
original_T095_A032	T095_A032	val	crop	0.25	0.5	0.5	451	286	0.6341463414634146
original_T095_A032	T095_A032	val	weed	0.25	0.5	0.5	1808	445	0.2461283185840708
original_T095_A032	T095_A032	val	crop	0.25	0.5	0.75	451	252	0.5587583148558758
original_T095_A032	T095_A032	val	weed	0.25	0.5	0.75	1808	428	0.23672566371681417
original_T095_A032	T095_A032	val	crop	0.25	0.5	0.9	451	225	0.49889135254988914
original_T095_A032	T095_A032	val	weed	0.25	0.5	0.9	1808	424	0.2345132743362832
original_T095_A032	T095_A032	val	crop	0.25	0.75	0.5	451	155	0.3436807095343681
original_T095_A032	T095_A032	val	weed	0.25	0.75	0.5	1808	340	0.18805309734513273
original_T095_A032	T095_A032	val	crop	0.25	0.75	0.75	451	129	0.2860310421286031
original_T095_A032	T095_A032	val	weed	0.25	0.75	0.75	1808	328	0.18141592920353983
original_T095_A032	T095_A032	val	crop	0.25	0.75	0.9	451	112	0.24833702882483372
original_T095_A032	T095_A032	val	weed	0.25	0.75	0.9	1808	324	0.17920353982300885
original_T095_A032	T095_A032	val	crop	0.5	0.25	0.5	451	233	0.516629711751663
original_T095_A032	T095_A032	val	weed	0.5	0.25	0.5	1808	318	0.17588495575221239
original_T095_A032	T095_A032	val	crop	0.5	0.25	0.75	451	204	0.4523281596452328
original_T095_A032	T095_A032	val	weed	0.5	0.25	0.75	1808	305	0.16869469026548672
original_T095_A032	T095_A032	val	crop	0.5	0.25	0.9	451	178	0.3946784922394678
original_T095_A032	T095_A032	val	weed	0.5	0.25	0.9	1808	304	0.168141592920354
original_T095_A032	T095_A032	val	crop	0.5	0.5	0.5	451	211	0.4678492239467849
original_T095_A032	T095_A032	val	weed	0.5	0.5	0.5	1808	290	0.16039823008849557
original_T095_A032	T095_A032	val	crop	0.5	0.5	0.75	451	183	0.4057649667405765
original_T095_A032	T095_A032	val	weed	0.5	0.5	0.75	1808	277	0.1532079646017699
original_T095_A032	T095_A032	val	crop	0.5	0.5	0.9	451	159	0.352549889135255
original_T095_A032	T095_A032	val	weed	0.5	0.5	0.9	1808	276	0.15265486725663716
original_T095_A032	T095_A032	val	crop	0.5	0.75	0.5	451	96	0.21286031042128603
original_T095_A032	T095_A032	val	weed	0.5	0.75	0.5	1808	207	0.11449115044247787
original_T095_A032	T095_A032	val	crop	0.5	0.75	0.75	451	76	0.16851441241685144
original_T095_A032	T095_A032	val	weed	0.5	0.75	0.75	1808	199	0.11006637168141593
original_T095_A032	T095_A032	val	crop	0.5	0.75	0.9	451	62	0.13747228381374724
original_T095_A032	T095_A032	val	weed	0.5	0.75	0.9	1808	198	0.10951327433628319
original_T095_A032	T095_A032	val	crop	0.75	0.25	0.5	451	128	0.2838137472283814
original_T095_A032	T095_A032	val	weed	0.75	0.25	0.5	1808	151	0.08351769911504425
original_T095_A032	T095_A032	val	crop	0.75	0.25	0.75	451	112	0.24833702882483372
original_T095_A032	T095_A032	val	weed	0.75	0.25	0.75	1808	141	0.07798672566371681
original_T095_A032	T095_A032	val	crop	0.75	0.25	0.9	451	91	0.2017738359201774
original_T095_A032	T095_A032	val	weed	0.75	0.25	0.9	1808	140	0.07743362831858407
original_T095_A032	T095_A032	val	crop	0.75	0.5	0.5	451	110	0.24390243902439024
original_T095_A032	T095_A032	val	weed	0.75	0.5	0.5	1808	132	0.07300884955752213
original_T095_A032	T095_A032	val	crop	0.75	0.5	0.75	451	95	0.2106430155210643
original_T095_A032	T095_A032	val	weed	0.75	0.5	0.75	1808	122	0.06747787610619468
original_T095_A032	T095_A032	val	crop	0.75	0.5	0.9	451	76	0.16851441241685144
original_T095_A032	T095_A032	val	weed	0.75	0.5	0.9	1808	121	0.06692477876106195
original_T095_A032	T095_A032	val	crop	0.75	0.75	0.5	451	41	0.09090909090909091
original_T095_A032	T095_A032	val	weed	0.75	0.75	0.5	1808	83	0.0459070796460177
original_T095_A032	T095_A032	val	crop	0.75	0.75	0.75	451	32	0.07095343680709534
original_T095_A032	T095_A032	val	weed	0.75	0.75	0.75	1808	78	0.04314159292035398
original_T095_A032	T095_A032	val	crop	0.75	0.75	0.9	451	20	0.04434589800443459
original_T095_A032	T095_A032	val	weed	0.75	0.75	0.9	1808	77	0.042588495575221236
original_T095_A032	T095_A032	test	crop	0.25	0.25	0.5	256	174	0.6796875
original_T095_A032	T095_A032	test	weed	0.25	0.25	0.5	1712	620	0.3621495327102804
original_T095_A032	T095_A032	test	crop	0.25	0.25	0.75	256	157	0.61328125
original_T095_A032	T095_A032	test	weed	0.25	0.25	0.75	1712	567	0.33119158878504673
original_T095_A032	T095_A032	test	crop	0.25	0.25	0.9	256	142	0.5546875
original_T095_A032	T095_A032	test	weed	0.25	0.25	0.9	1712	502	0.2932242990654206
original_T095_A032	T095_A032	test	crop	0.25	0.5	0.5	256	161	0.62890625
original_T095_A032	T095_A032	test	weed	0.25	0.5	0.5	1712	598	0.3492990654205608
original_T095_A032	T095_A032	test	crop	0.25	0.5	0.75	256	146	0.5703125
original_T095_A032	T095_A032	test	weed	0.25	0.5	0.75	1712	545	0.3183411214953271
original_T095_A032	T095_A032	test	crop	0.25	0.5	0.9	256	131	0.51171875
original_T095_A032	T095_A032	test	weed	0.25	0.5	0.9	1712	480	0.2803738317757009
original_T095_A032	T095_A032	test	crop	0.25	0.75	0.5	256	88	0.34375
original_T095_A032	T095_A032	test	weed	0.25	0.75	0.5	1712	439	0.2564252336448598
original_T095_A032	T095_A032	test	crop	0.25	0.75	0.75	256	85	0.33203125
original_T095_A032	T095_A032	test	weed	0.25	0.75	0.75	1712	386	0.22546728971962618
original_T095_A032	T095_A032	test	crop	0.25	0.75	0.9	256	74	0.2890625
original_T095_A032	T095_A032	test	weed	0.25	0.75	0.9	1712	321	0.1875
original_T095_A032	T095_A032	test	crop	0.5	0.25	0.5	256	136	0.53125
original_T095_A032	T095_A032	test	weed	0.5	0.25	0.5	1712	454	0.2651869158878505
original_T095_A032	T095_A032	test	crop	0.5	0.25	0.75	256	119	0.46484375
original_T095_A032	T095_A032	test	weed	0.5	0.25	0.75	1712	407	0.23773364485981308
original_T095_A032	T095_A032	test	crop	0.5	0.25	0.9	256	105	0.41015625
original_T095_A032	T095_A032	test	weed	0.5	0.25	0.9	1712	346	0.20210280373831777
original_T095_A032	T095_A032	test	crop	0.5	0.5	0.5	256	125	0.48828125
original_T095_A032	T095_A032	test	weed	0.5	0.5	0.5	1712	438	0.2558411214953271
original_T095_A032	T095_A032	test	crop	0.5	0.5	0.75	256	110	0.4296875
original_T095_A032	T095_A032	test	weed	0.5	0.5	0.75	1712	391	0.2283878504672897
original_T095_A032	T095_A032	test	crop	0.5	0.5	0.9	256	96	0.375
original_T095_A032	T095_A032	test	weed	0.5	0.5	0.9	1712	330	0.1927570093457944
original_T095_A032	T095_A032	test	crop	0.5	0.75	0.5	256	61	0.23828125
original_T095_A032	T095_A032	test	weed	0.5	0.75	0.5	1712	319	0.1863317757009346
original_T095_A032	T095_A032	test	crop	0.5	0.75	0.75	256	58	0.2265625
original_T095_A032	T095_A032	test	weed	0.5	0.75	0.75	1712	272	0.1588785046728972
original_T095_A032	T095_A032	test	crop	0.5	0.75	0.9	256	47	0.18359375
original_T095_A032	T095_A032	test	weed	0.5	0.75	0.9	1712	211	0.12324766355140188
original_T095_A032	T095_A032	test	crop	0.75	0.25	0.5	256	94	0.3671875
original_T095_A032	T095_A032	test	weed	0.75	0.25	0.5	1712	268	0.15654205607476634
original_T095_A032	T095_A032	test	crop	0.75	0.25	0.75	256	78	0.3046875
original_T095_A032	T095_A032	test	weed	0.75	0.25	0.75	1712	232	0.13551401869158877
original_T095_A032	T095_A032	test	crop	0.75	0.25	0.9	256	65	0.25390625
original_T095_A032	T095_A032	test	weed	0.75	0.25	0.9	1712	176	0.102803738317757
original_T095_A032	T095_A032	test	crop	0.75	0.5	0.5	256	85	0.33203125
original_T095_A032	T095_A032	test	weed	0.75	0.5	0.5	1712	258	0.15070093457943926
original_T095_A032	T095_A032	test	crop	0.75	0.5	0.75	256	70	0.2734375
original_T095_A032	T095_A032	test	weed	0.75	0.5	0.75	1712	222	0.12967289719626168
original_T095_A032	T095_A032	test	crop	0.75	0.5	0.9	256	57	0.22265625
original_T095_A032	T095_A032	test	weed	0.75	0.5	0.9	1712	166	0.0969626168224299
original_T095_A032	T095_A032	test	crop	0.75	0.75	0.5	256	41	0.16015625
original_T095_A032	T095_A032	test	weed	0.75	0.75	0.5	1712	190	0.11098130841121495
original_T095_A032	T095_A032	test	crop	0.75	0.75	0.75	256	38	0.1484375
original_T095_A032	T095_A032	test	weed	0.75	0.75	0.75	1712	154	0.08995327102803738
original_T095_A032	T095_A032	test	crop	0.75	0.75	0.9	256	27	0.10546875
original_T095_A032	T095_A032	test	weed	0.75	0.75	0.9	1712	98	0.05724299065420561
training_selected_commissioned	T070_A032	train	crop	0.25	0.25	0.5	1461	1198	0.8199863107460643
training_selected_commissioned	T070_A032	train	weed	0.25	0.25	0.5	6509	3117	0.4788754032877554
training_selected_commissioned	T070_A032	train	crop	0.25	0.25	0.75	1461	1062	0.7268993839835729
training_selected_commissioned	T070_A032	train	weed	0.25	0.25	0.75	6509	2935	0.4509141189122753
training_selected_commissioned	T070_A032	train	crop	0.25	0.25	0.9	1461	945	0.6468172484599589
training_selected_commissioned	T070_A032	train	weed	0.25	0.25	0.9	6509	2805	0.4309417729297895
training_selected_commissioned	T070_A032	train	crop	0.25	0.5	0.5	1461	820	0.5612594113620808
training_selected_commissioned	T070_A032	train	weed	0.25	0.5	0.5	6509	2462	0.3782455062221539
training_selected_commissioned	T070_A032	train	crop	0.25	0.5	0.75	1461	694	0.4750171115674196
training_selected_commissioned	T070_A032	train	weed	0.25	0.5	0.75	6509	2294	0.35243508987555694
training_selected_commissioned	T070_A032	train	crop	0.25	0.5	0.9	1461	608	0.4161533196440794
training_selected_commissioned	T070_A032	train	weed	0.25	0.5	0.9	6509	2164	0.3324627438930711
training_selected_commissioned	T070_A032	train	crop	0.25	0.75	0.5	1461	237	0.162217659137577
training_selected_commissioned	T070_A032	train	weed	0.25	0.75	0.5	6509	1076	0.16530957136272853
training_selected_commissioned	T070_A032	train	crop	0.25	0.75	0.75	1461	191	0.13073237508555785
training_selected_commissioned	T070_A032	train	weed	0.25	0.75	0.75	6509	964	0.14810262713166386
training_selected_commissioned	T070_A032	train	crop	0.25	0.75	0.9	1461	175	0.11978097193702943
training_selected_commissioned	T070_A032	train	weed	0.25	0.75	0.9	6509	957	0.14702719311722232
training_selected_commissioned	T070_A032	train	crop	0.5	0.25	0.5	1461	1091	0.7467488021902806
training_selected_commissioned	T070_A032	train	weed	0.5	0.25	0.5	6509	2745	0.42172376709171916
training_selected_commissioned	T070_A032	train	crop	0.5	0.25	0.75	1461	959	0.6563997262149213
training_selected_commissioned	T070_A032	train	weed	0.5	0.25	0.75	6509	2583	0.39683515132892916
training_selected_commissioned	T070_A032	train	crop	0.5	0.25	0.9	1461	848	0.5804243668720055
training_selected_commissioned	T070_A032	train	weed	0.5	0.25	0.9	6509	2459	0.37778460593025043
training_selected_commissioned	T070_A032	train	crop	0.5	0.5	0.5	1461	736	0.5037645448323066
training_selected_commissioned	T070_A032	train	weed	0.5	0.5	0.5	6509	2133	0.32770010754340145
training_selected_commissioned	T070_A032	train	crop	0.5	0.5	0.75	1461	614	0.4202600958247775
training_selected_commissioned	T070_A032	train	weed	0.5	0.5	0.75	6509	1983	0.3046550929482255
training_selected_commissioned	T070_A032	train	crop	0.5	0.5	0.9	1461	534	0.3655030800821355
training_selected_commissioned	T070_A032	train	weed	0.5	0.5	0.9	6509	1859	0.2856045475495468
training_selected_commissioned	T070_A032	train	crop	0.5	0.75	0.5	1461	183	0.12525667351129363
training_selected_commissioned	T070_A032	train	weed	0.5	0.75	0.5	6509	867	0.13320018436011677
training_selected_commissioned	T070_A032	train	crop	0.5	0.75	0.75	1461	140	0.09582477754962354
training_selected_commissioned	T070_A032	train	weed	0.5	0.75	0.75	6509	772	0.11860500844983868
training_selected_commissioned	T070_A032	train	crop	0.5	0.75	0.9	1461	128	0.08761122518822724
training_selected_commissioned	T070_A032	train	weed	0.5	0.75	0.9	6509	766	0.11768320786603165
training_selected_commissioned	T070_A032	train	crop	0.75	0.25	0.5	1461	920	0.6297056810403833
training_selected_commissioned	T070_A032	train	weed	0.75	0.25	0.5	6509	1977	0.3037332923644185
training_selected_commissioned	T070_A032	train	crop	0.75	0.25	0.75	1461	801	0.5482546201232033
training_selected_commissioned	T070_A032	train	weed	0.75	0.25	0.75	6509	1851	0.2843754801044707
training_selected_commissioned	T070_A032	train	crop	0.75	0.25	0.9	1461	701	0.4798083504449008
training_selected_commissioned	T070_A032	train	weed	0.75	0.25	0.9	6509	1737	0.266861269012137
training_selected_commissioned	T070_A032	train	crop	0.75	0.5	0.5	1461	610	0.41752224503764546
training_selected_commissioned	T070_A032	train	weed	0.75	0.5	0.5	6509	1496	0.22983561222922108
training_selected_commissioned	T070_A032	train	crop	0.75	0.5	0.75	1461	501	0.34291581108829566
training_selected_commissioned	T070_A032	train	weed	0.75	0.5	0.75	6509	1379	0.21186050084498387
training_selected_commissioned	T070_A032	train	crop	0.75	0.5	0.9	1461	429	0.2936344969199179
training_selected_commissioned	T070_A032	train	weed	0.75	0.5	0.9	6509	1265	0.19434628975265017
training_selected_commissioned	T070_A032	train	crop	0.75	0.75	0.5	1461	129	0.08829568788501027
training_selected_commissioned	T070_A032	train	weed	0.75	0.75	0.5	6509	556	0.08542018743278537
training_selected_commissioned	T070_A032	train	crop	0.75	0.75	0.75	1461	94	0.06433949349760439
training_selected_commissioned	T070_A032	train	weed	0.75	0.75	0.75	6509	487	0.07481948071900446
training_selected_commissioned	T070_A032	train	crop	0.75	0.75	0.9	1461	86	0.05886379192334018
training_selected_commissioned	T070_A032	train	weed	0.75	0.75	0.9	6509	483	0.07420494699646643
training_selected_commissioned	T070_A032	val	crop	0.25	0.25	0.5	451	346	0.7671840354767184
training_selected_commissioned	T070_A032	val	weed	0.25	0.25	0.5	1808	861	0.476216814159292
training_selected_commissioned	T070_A032	val	crop	0.25	0.25	0.75	451	306	0.6784922394678492
training_selected_commissioned	T070_A032	val	weed	0.25	0.25	0.75	1808	732	0.40486725663716816
training_selected_commissioned	T070_A032	val	crop	0.25	0.25	0.9	451	239	0.5299334811529933
training_selected_commissioned	T070_A032	val	weed	0.25	0.25	0.9	1808	731	0.4043141592920354
training_selected_commissioned	T070_A032	val	crop	0.25	0.5	0.5	451	227	0.5033259423503326
training_selected_commissioned	T070_A032	val	weed	0.25	0.5	0.5	1808	735	0.4065265486725664
training_selected_commissioned	T070_A032	val	crop	0.25	0.5	0.75	451	193	0.4279379157427938
training_selected_commissioned	T070_A032	val	weed	0.25	0.5	0.75	1808	606	0.33517699115044247
training_selected_commissioned	T070_A032	val	crop	0.25	0.5	0.9	451	146	0.3237250554323725
training_selected_commissioned	T070_A032	val	weed	0.25	0.5	0.9	1808	605	0.3346238938053097
training_selected_commissioned	T070_A032	val	crop	0.25	0.75	0.5	451	70	0.15521064301552107
training_selected_commissioned	T070_A032	val	weed	0.25	0.75	0.5	1808	448	0.24778761061946902
training_selected_commissioned	T070_A032	val	crop	0.25	0.75	0.75	451	59	0.13082039911308205
training_selected_commissioned	T070_A032	val	weed	0.25	0.75	0.75	1808	339	0.1875
training_selected_commissioned	T070_A032	val	crop	0.25	0.75	0.9	451	38	0.08425720620842572
training_selected_commissioned	T070_A032	val	weed	0.25	0.75	0.9	1808	338	0.18694690265486727
training_selected_commissioned	T070_A032	val	crop	0.5	0.25	0.5	451	321	0.7117516629711752
training_selected_commissioned	T070_A032	val	weed	0.5	0.25	0.5	1808	758	0.4192477876106195
training_selected_commissioned	T070_A032	val	crop	0.5	0.25	0.75	451	283	0.6274944567627494
training_selected_commissioned	T070_A032	val	weed	0.5	0.25	0.75	1808	648	0.3584070796460177
training_selected_commissioned	T070_A032	val	crop	0.5	0.25	0.9	451	223	0.49445676274944567
training_selected_commissioned	T070_A032	val	weed	0.5	0.25	0.9	1808	647	0.35785398230088494
training_selected_commissioned	T070_A032	val	crop	0.5	0.5	0.5	451	202	0.44789356984478934
training_selected_commissioned	T070_A032	val	weed	0.5	0.5	0.5	1808	637	0.35232300884955753
training_selected_commissioned	T070_A032	val	crop	0.5	0.5	0.75	451	170	0.376940133037694
training_selected_commissioned	T070_A032	val	weed	0.5	0.5	0.75	1808	527	0.29148230088495575
training_selected_commissioned	T070_A032	val	crop	0.5	0.5	0.9	451	130	0.28824833702882485
training_selected_commissioned	T070_A032	val	weed	0.5	0.5	0.9	1808	526	0.290929203539823
training_selected_commissioned	T070_A032	val	crop	0.5	0.75	0.5	451	53	0.11751662971175167
training_selected_commissioned	T070_A032	val	weed	0.5	0.75	0.5	1808	376	0.2079646017699115
training_selected_commissioned	T070_A032	val	crop	0.5	0.75	0.75	451	44	0.0975609756097561
training_selected_commissioned	T070_A032	val	weed	0.5	0.75	0.75	1808	285	0.15763274336283187
training_selected_commissioned	T070_A032	val	crop	0.5	0.75	0.9	451	29	0.06430155210643015
training_selected_commissioned	T070_A032	val	weed	0.5	0.75	0.9	1808	284	0.1570796460176991
training_selected_commissioned	T070_A032	val	crop	0.75	0.25	0.5	451	266	0.5898004434589801
training_selected_commissioned	T070_A032	val	weed	0.75	0.25	0.5	1808	523	0.28926991150442477
training_selected_commissioned	T070_A032	val	crop	0.75	0.25	0.75	451	233	0.516629711751663
training_selected_commissioned	T070_A032	val	weed	0.75	0.25	0.75	1808	450	0.2488938053097345
training_selected_commissioned	T070_A032	val	crop	0.75	0.25	0.9	451	183	0.4057649667405765
training_selected_commissioned	T070_A032	val	weed	0.75	0.25	0.9	1808	449	0.24834070796460178
training_selected_commissioned	T070_A032	val	crop	0.75	0.5	0.5	451	155	0.3436807095343681
training_selected_commissioned	T070_A032	val	weed	0.75	0.5	0.5	1808	428	0.23672566371681417
training_selected_commissioned	T070_A032	val	crop	0.75	0.5	0.75	451	127	0.28159645232815966
training_selected_commissioned	T070_A032	val	weed	0.75	0.5	0.75	1808	355	0.1963495575221239
training_selected_commissioned	T070_A032	val	crop	0.75	0.5	0.9	451	97	0.21507760532150777
training_selected_commissioned	T070_A032	val	weed	0.75	0.5	0.9	1808	354	0.19579646017699115
training_selected_commissioned	T070_A032	val	crop	0.75	0.75	0.5	451	26	0.057649667405764965
training_selected_commissioned	T070_A032	val	weed	0.75	0.75	0.5	1808	218	0.12057522123893805
training_selected_commissioned	T070_A032	val	crop	0.75	0.75	0.75	451	21	0.04656319290465632
training_selected_commissioned	T070_A032	val	weed	0.75	0.75	0.75	1808	163	0.09015486725663717
training_selected_commissioned	T070_A032	val	crop	0.75	0.75	0.9	451	16	0.03547671840354767
training_selected_commissioned	T070_A032	val	weed	0.75	0.75	0.9	1808	162	0.08960176991150443
training_selected_commissioned	T070_A032	test	crop	0.25	0.25	0.5	256	203	0.79296875
training_selected_commissioned	T070_A032	test	weed	0.25	0.25	0.5	1712	909	0.5309579439252337
training_selected_commissioned	T070_A032	test	crop	0.25	0.25	0.75	256	181	0.70703125
training_selected_commissioned	T070_A032	test	weed	0.25	0.25	0.75	1712	840	0.49065420560747663
training_selected_commissioned	T070_A032	test	crop	0.25	0.25	0.9	256	161	0.62890625
training_selected_commissioned	T070_A032	test	weed	0.25	0.25	0.9	1712	771	0.4503504672897196
training_selected_commissioned	T070_A032	test	crop	0.25	0.5	0.5	256	134	0.5234375
training_selected_commissioned	T070_A032	test	weed	0.25	0.5	0.5	1712	724	0.42289719626168226
training_selected_commissioned	T070_A032	test	crop	0.25	0.5	0.75	256	114	0.4453125
training_selected_commissioned	T070_A032	test	weed	0.25	0.5	0.75	1712	655	0.38259345794392524
training_selected_commissioned	T070_A032	test	crop	0.25	0.5	0.9	256	101	0.39453125
training_selected_commissioned	T070_A032	test	weed	0.25	0.5	0.9	1712	586	0.3422897196261682
training_selected_commissioned	T070_A032	test	crop	0.25	0.75	0.5	256	27	0.10546875
training_selected_commissioned	T070_A032	test	weed	0.25	0.75	0.5	1712	328	0.19158878504672897
training_selected_commissioned	T070_A032	test	crop	0.25	0.75	0.75	256	26	0.1015625
training_selected_commissioned	T070_A032	test	weed	0.25	0.75	0.75	1712	301	0.1758177570093458
training_selected_commissioned	T070_A032	test	crop	0.25	0.75	0.9	256	25	0.09765625
training_selected_commissioned	T070_A032	test	weed	0.25	0.75	0.9	1712	232	0.13551401869158877
training_selected_commissioned	T070_A032	test	crop	0.5	0.25	0.5	256	182	0.7109375
training_selected_commissioned	T070_A032	test	weed	0.5	0.25	0.5	1712	825	0.48189252336448596
training_selected_commissioned	T070_A032	test	crop	0.5	0.25	0.75	256	161	0.62890625
training_selected_commissioned	T070_A032	test	weed	0.5	0.25	0.75	1712	758	0.4427570093457944
training_selected_commissioned	T070_A032	test	crop	0.5	0.25	0.9	256	141	0.55078125
training_selected_commissioned	T070_A032	test	weed	0.5	0.25	0.9	1712	691	0.4036214953271028
training_selected_commissioned	T070_A032	test	crop	0.5	0.5	0.5	256	117	0.45703125
training_selected_commissioned	T070_A032	test	weed	0.5	0.5	0.5	1712	652	0.3808411214953271
training_selected_commissioned	T070_A032	test	crop	0.5	0.5	0.75	256	97	0.37890625
training_selected_commissioned	T070_A032	test	weed	0.5	0.5	0.75	1712	585	0.34170560747663553
training_selected_commissioned	T070_A032	test	crop	0.5	0.5	0.9	256	84	0.328125
training_selected_commissioned	T070_A032	test	weed	0.5	0.5	0.9	1712	518	0.30257009345794394
training_selected_commissioned	T070_A032	test	crop	0.5	0.75	0.5	256	17	0.06640625
training_selected_commissioned	T070_A032	test	weed	0.5	0.75	0.5	1712	287	0.16764018691588786
training_selected_commissioned	T070_A032	test	crop	0.5	0.75	0.75	256	16	0.0625
training_selected_commissioned	T070_A032	test	weed	0.5	0.75	0.75	1712	262	0.1530373831775701
training_selected_commissioned	T070_A032	test	crop	0.5	0.75	0.9	256	15	0.05859375
training_selected_commissioned	T070_A032	test	weed	0.5	0.75	0.9	1712	195	0.11390186915887851
training_selected_commissioned	T070_A032	test	crop	0.75	0.25	0.5	256	160	0.625
training_selected_commissioned	T070_A032	test	weed	0.75	0.25	0.5	1712	635	0.370911214953271
training_selected_commissioned	T070_A032	test	crop	0.75	0.25	0.75	256	139	0.54296875
training_selected_commissioned	T070_A032	test	weed	0.75	0.25	0.75	1712	577	0.33703271028037385
training_selected_commissioned	T070_A032	test	crop	0.75	0.25	0.9	256	119	0.46484375
training_selected_commissioned	T070_A032	test	weed	0.75	0.25	0.9	1712	516	0.3014018691588785
training_selected_commissioned	T070_A032	test	crop	0.75	0.5	0.5	256	99	0.38671875
training_selected_commissioned	T070_A032	test	weed	0.75	0.5	0.5	1712	500	0.29205607476635514
training_selected_commissioned	T070_A032	test	crop	0.75	0.5	0.75	256	79	0.30859375
training_selected_commissioned	T070_A032	test	weed	0.75	0.5	0.75	1712	442	0.25817757009345793
training_selected_commissioned	T070_A032	test	crop	0.75	0.5	0.9	256	66	0.2578125
training_selected_commissioned	T070_A032	test	weed	0.75	0.5	0.9	1712	381	0.22254672897196262
training_selected_commissioned	T070_A032	test	crop	0.75	0.75	0.5	256	13	0.05078125
training_selected_commissioned	T070_A032	test	weed	0.75	0.75	0.5	1712	201	0.11740654205607477
training_selected_commissioned	T070_A032	test	crop	0.75	0.75	0.75	256	12	0.046875
training_selected_commissioned	T070_A032	test	weed	0.75	0.75	0.75	1712	180	0.10514018691588785
training_selected_commissioned	T070_A032	test	crop	0.75	0.75	0.9	256	11	0.04296875
training_selected_commissioned	T070_A032	test	weed	0.75	0.75	0.9	1712	119	0.06950934579439252
